name,country,tier,region,website,best_contact_email,best_contact_role,why_target,notes
DFB - Deutscher Fußball-Bund,DE,Federation central,Frankfurt am Main,https://www.dfb.de,info@dfb.de,Verbandskommunikation,National federation - umbrella body for all 21 Landesverbände and 7.4M members,General mailbox; press@dfb.de for media
DFB Akademie,DE,Federation central,Frankfurt am Main,https://www.dfb-akademie.de,akademie@dfb.de,Akademieleitung,Coaching/education arm - useful for grassroots tool endorsement,
Bayerischer Fußball-Verband (BFV),DE,Landesverband,Bayern (München),https://www.bfv.de,info@bfv.de,Geschäftsführer,Largest Landesverband (~4600 clubs); single touchpoint reaches all Bavarian amateur football,
Württembergischer Fußballverband (WFV),DE,Landesverband,Baden-Württemberg (Stuttgart),https://www.wuerttfv.de,info@wuerttfv.de,Geschäftsführer,Major Landesverband covering Stuttgart region - 2nd largest by club count,
Badischer Fußballverband (BFV-Baden),DE,Landesverband,Baden (Karlsruhe),https://www.badfv.de,info@badfv.de,Geschäftsführer,Northern Baden incl. Karlsruhe/Mannheim,
Südbadischer Fußball-Verband (SBFV),DE,Landesverband,Baden (Freiburg),https://www.sbfv.de,info@sbfv.de,Geschäftsführer,Southern Baden incl. Freiburg/Lörrach,
Fußball-Verband Mittelrhein (FVM),DE,Landesverband,Nordrhein-Westfalen (Köln),https://www.fvm.de,info@fvm.de,Geschäftsführer,Köln/Bonn/Aachen amateur football,
Fußball- und Leichtathletik-Verband Westfalen (FLVW),DE,Landesverband,NRW (Kamen),https://www.flvw.de,info@flvw.de,Geschäftsführer,Largest NRW sub-verband - Dortmund/Münster/Bielefeld,
Fußballverband Niederrhein (FVN),DE,Landesverband,NRW (Duisburg),https://www.fvn.de,info@fvn.de,Geschäftsführer,Düsseldorf/Duisburg/Essen amateur scene,
Hessischer Fußball-Verband (HFV),DE,Landesverband,Hessen (Grünberg),https://www.hfv-online.de,info@hfv-online.de,Geschäftsführer,Frankfurt/Wiesbaden/Kassel coverage,
Norddeutscher Fußball-Verband (NFV),DE,Landesverband,Nord (Barsbüttel),https://www.norddeutscher-fussball-verband.de,info@nfv-online.de,Geschäftsführer,Umbrella for NDS/HH/HB/SH/MV,
Niedersächsischer Fußballverband (NFV-Nds),DE,Landesverband,Niedersachsen (Barsinghausen),https://www.nfv.de,info@nfv.de,Geschäftsführer,Hannover/Braunschweig/Oldenburg amateur football,
Hamburger Fußball-Verband (HFV-HH),DE,Landesverband,Hamburg,https://www.hfv.de,info@hfv.de,Geschäftsführer,City-state Verband - dense club network,
Bremer Fußball-Verband (BFV-HB),DE,Landesverband,Bremen,https://www.bremerfv.de,info@bremerfv.de,Geschäftsführer,Small but high-engagement city Verband,
Schleswig-Holsteinischer Fußballverband (SHFV),DE,Landesverband,Schleswig-Holstein (Kiel),https://www.shfv-kiel.de,info@shfv-kiel.de,Geschäftsführer,Kiel/Lübeck/Flensburg,
Landesfußballverband Mecklenburg-Vorpommern (LFVM-V),DE,Landesverband,M-V (Schwerin),https://www.lfvm-v.de,info@lfvm-v.de,Geschäftsführer,Rostock/Schwerin/Greifswald,
Berliner Fußball-Verband (BFV-Berlin),DE,Landesverband,Berlin,https://www.berlinerfv.de,info@berlinerfv.de,Geschäftsführer,Capital region - high media density,
Fußball-Landesverband Brandenburg (FLB),DE,Landesverband,Brandenburg (Potsdam),https://www.flb.de,info@flb.de,Geschäftsführer,Cottbus/Potsdam/Frankfurt-Oder,
Fußballverband Sachsen-Anhalt (FSA),DE,Landesverband,Sachsen-Anhalt (Magdeburg),https://www.fsa-online.de,info@fsa-online.de,Geschäftsführer,Magdeburg/Halle,
Sächsischer Fußball-Verband (SFV),DE,Landesverband,Sachsen (Leipzig),https://www.sfv-online.de,info@sfv-online.de,Geschäftsführer,Leipzig/Dresden/Chemnitz amateur football,
Thüringer Fußball-Verband (TFV),DE,Landesverband,Thüringen (Erfurt),https://www.tfv-erfurt.de,info@tfv-erfurt.de,Geschäftsführer,Erfurt/Jena/Gera,
Saarländischer Fußballverband (SFV-Saar),DE,Landesverband,Saarland (Saarbrücken),https://www.saarfv.de,info@saarfv.de,Geschäftsführer,Smallest west-German Landesverband,
Fußballverband Rheinland (FV Rheinland),DE,Landesverband,Rheinland-Pfalz (Koblenz),https://www.fv-rheinland.de,info@fv-rheinland.de,Geschäftsführer,Koblenz/Trier amateur football,
Südwestdeutscher Fußballverband (SWFV),DE,Landesverband,Rheinland-Pfalz (Edenkoben),https://www.swfv.de,info@swfv.de,Geschäftsführer,Pfalz region - Kaiserslautern/Ludwigshafen,
Dynamo Dresden,DE,3. Liga,Sachsen,https://www.dynamo-dresden.de,info@dynamo-dresden.de,Geschäftsführer Kommunikation,Cult club with national reach in 3. Liga,
1. FC Saarbrücken,DE,3. Liga,Saarland,https://www.fcsaarbruecken.de,info@fcsaarbruecken.de,Geschäftsstelle,Regional flagship in 3. Liga,
TSV 1860 München,DE,3. Liga,Bayern,https://www.tsv1860.de,info@tsv1860.de,Geschäftsstelle,Munich's other club - huge fanbase,
Hansa Rostock,DE,3. Liga,Mecklenburg-Vorpommern,https://www.fc-hansa.de,info@fc-hansa.de,Geschäftsführer,Major eastern German cult side,
SV Waldhof Mannheim,DE,3. Liga,Baden-Württemberg,https://www.svw07.de,info@svw07.de,Geschäftsstelle,Traditional Mannheim club,
Energie Cottbus,DE,3. Liga,Brandenburg,https://www.fcenergie.de,info@fcenergie.de,Geschäftsstelle,Eastern German fixture,
Erzgebirge Aue,DE,3. Liga,Sachsen,https://www.fc-erzgebirge.de,info@fc-erzgebirge.de,Geschäftsstelle,Saxon mining-town tradition,
SV Sandhausen,DE,3. Liga,Baden-Württemberg,https://www.svsandhausen.de,info@svsandhausen.de,Geschäftsstelle,Stable 3. Liga side near Heidelberg,
VfL Osnabrück,DE,3. Liga,Niedersachsen,https://www.vfl.de,info@vfl.de,Geschäftsstelle,Long-standing 3. Liga regular,
SC Verl,DE,3. Liga,NRW,https://www.scverl.de,info@scverl.de,Geschäftsstelle,Smaller-market 3. Liga side - high engagement,
SpVgg Unterhaching,DE,3. Liga,Bayern,https://www.spvggunterhaching.de,info@spvggunterhaching.de,Geschäftsstelle,Munich-suburb tradition club,
Rot-Weiss Essen,DE,3. Liga,NRW,https://www.rwe.de,info@rwe.de,Geschäftsstelle,Historic Ruhr club with passionate fanbase,
MSV Duisburg,DE,3. Liga,NRW,https://www.msv-duisburg.de,info@msv-duisburg.de,Geschäftsstelle,Cult Ruhr side - newly promoted,
Alemannia Aachen,DE,3. Liga,NRW,https://www.alemannia-aachen.de,info@alemannia-aachen.de,Geschäftsstelle,Border-region tradition,
FC Ingolstadt 04,DE,3. Liga,Bayern,https://www.fcingolstadt.de,info@fcingolstadt.de,Geschäftsstelle,Audi-backed Bavarian club,
Viktoria Köln,DE,3. Liga,NRW,https://www.fc-viktoria-koeln.de,info@fc-viktoria-koeln.de,Geschäftsstelle,Cologne's third club,
TSV Havelse,DE,3. Liga,Niedersachsen,https://www.tsv-havelse.de,info@tsv-havelse.de,Geschäftsstelle,Recent 3. Liga promoted side near Hannover,
Stuttgarter Kickers,DE,3. Liga,Baden-Württemberg,https://www.stuttgarter-kickers.de,info@stuttgarter-kickers.de,Geschäftsstelle,Stuttgart's second club,
SV Wehen Wiesbaden,DE,3. Liga,Hessen,https://www.swfv-online.de,info@swwiesbaden.de,Geschäftsstelle,Wiesbaden-based 3. Liga side,
FC Schweinfurt 05,DE,3. Liga,Bayern,https://www.fcschweinfurt05.de,info@fcschweinfurt05.de,Geschäftsstelle,Bavarian regional club promoted to 3. Liga,
Hoffenheim II,DE,3. Liga,Baden-Württemberg,https://www.tsg-hoffenheim.de,info@tsg-hoffenheim.de,Geschäftsstelle,Bundesliga reserve in 3. Liga,
VfB Lübeck,DE,Regionalliga Nord,Schleswig-Holstein,https://www.vfb-luebeck.de,info@vfb-luebeck.de,Geschäftsstelle,Northern German tradition club,
Eintracht Norderstedt,DE,Regionalliga Nord,Schleswig-Holstein,https://www.eintracht-norderstedt.de,info@eintracht-norderstedt.de,Geschäftsstelle,Hamburg-area Regionalliga side,
SC Weiche Flensburg 08,DE,Regionalliga Nord,Schleswig-Holstein,https://www.scweicheflensburg08.de,info@scweicheflensburg08.de,Geschäftsstelle,Flensburg's top amateur side,
Holstein Kiel II,DE,Regionalliga Nord,Schleswig-Holstein,https://www.holstein-kiel.de,info@holstein-kiel.de,Geschäftsstelle,Bundesliga reserve team,
VfB Oldenburg,DE,Regionalliga Nord,Niedersachsen,https://www.vfb-oldenburg.de,info@vfb-oldenburg.de,Geschäftsstelle,Oldenburg flagship,
BSV Rehden,DE,Regionalliga Nord,Niedersachsen,https://www.bsv-rehden.de,info@bsv-rehden.de,Geschäftsstelle,Small-town Regionalliga side,
SV Meppen,DE,Regionalliga Nord,Niedersachsen,https://www.sv-meppen.de,info@sv-meppen.de,Geschäftsstelle,Emsland tradition,
Werder Bremen II,DE,Regionalliga Nord,Bremen,https://www.werder.de,info@werder.de,Geschäftsstelle,Bundesliga reserve,
Hannover 96 II,DE,Regionalliga Nord,Niedersachsen,https://www.hannover96.de,info@hannover96.de,Geschäftsstelle,Bundesliga reserve,
VfL Wolfsburg II,DE,Regionalliga Nord,Niedersachsen,https://www.vfl-wolfsburg.de,info@vfl-wolfsburg.de,Geschäftsstelle,Bundesliga reserve,
Hamburger SV II,DE,Regionalliga Nord,Hamburg,https://www.hsv.de,info@hsv.de,Geschäftsstelle,Bundesliga reserve,
FC St. Pauli II,DE,Regionalliga Nord,Hamburg,https://www.fcstpauli.com,info@fcstpauli.com,Geschäftsstelle,Cult Bundesliga reserve,
Phönix Lübeck,DE,Regionalliga Nord,Schleswig-Holstein,https://www.phoenix-luebeck.de,info@phoenix-luebeck.de,Geschäftsstelle,Lübeck second club,
Eintracht Braunschweig II,DE,Regionalliga Nord,Niedersachsen,https://www.eintracht.com,info@eintracht.com,Geschäftsstelle,2. Bundesliga reserve,
Heider SV,DE,Regionalliga Nord,Schleswig-Holstein,https://www.heider-sv.de,info@heider-sv.de,Geschäftsstelle,Dithmarschen amateur side,
TSV Havelse,DE,Regionalliga Nord,Niedersachsen,https://www.tsv-havelse.de,info@tsv-havelse.de,Geschäftsstelle,Hannover-area club,
1. FC Magdeburg II,DE,Regionalliga Nordost,Sachsen-Anhalt,https://www.fcm.de,info@fcm.de,Geschäftsstelle,2. Bundesliga reserve,
Hertha BSC II,DE,Regionalliga Nordost,Berlin,https://www.herthabsc.de,info@herthabsc.de,Geschäftsstelle,Berlin reserve,
Union Berlin II,DE,Regionalliga Nordost,Berlin,https://www.fc-union-berlin.de,info@fc-union-berlin.de,Geschäftsstelle,Bundesliga reserve,
BFC Dynamo,DE,Regionalliga Nordost,Berlin,https://www.bfc-dynamo.de,info@bfc-dynamo.de,Geschäftsstelle,Historic East-Berlin club,
ZFC Meuselwitz,DE,Regionalliga Nordost,Thüringen,https://www.zfc-meuselwitz.de,info@zfc-meuselwitz.de,Geschäftsstelle,Thuringian tradition,
Carl Zeiss Jena,DE,Regionalliga Nordost,Thüringen,https://www.fc-carlzeiss-jena.de,info@fc-carlzeiss-jena.de,Geschäftsstelle,DDR-era European tradition,
Rot-Weiß Erfurt,DE,Regionalliga Nordost,Thüringen,https://www.rot-weiss-erfurt.de,info@rot-weiss-erfurt.de,Geschäftsstelle,Thuringian cult club,
Chemnitzer FC,DE,Regionalliga Nordost,Sachsen,https://www.chemnitzerfc.de,info@chemnitzerfc.de,Geschäftsstelle,Saxon cult club,
FSV Zwickau,DE,Regionalliga Nordost,Sachsen,https://www.fsv-zwickau.de,info@fsv-zwickau.de,Geschäftsstelle,Saxon tradition,
SV Babelsberg 03,DE,Regionalliga Nordost,Brandenburg,https://www.svbabelsberg03.de,info@svbabelsberg03.de,Geschäftsstelle,Potsdam cult club - strong fan culture,
FC Viktoria 1889 Berlin,DE,Regionalliga Nordost,Berlin,https://www.fcviktoria1889.de,info@fcviktoria1889.de,Geschäftsstelle,Berlin historic club,
Tennis Borussia Berlin,DE,Regionalliga Nordost,Berlin,https://www.tennis-borussia.de,info@tennis-borussia.de,Geschäftsstelle,Cult Berlin side,
Hallescher FC,DE,Regionalliga Nordost,Sachsen-Anhalt,https://www.hallescherfc.de,info@hallescherfc.de,Geschäftsstelle,Halle tradition,
Lok Leipzig,DE,Regionalliga Nordost,Sachsen,https://www.lok-leipzig.com,info@lok-leipzig.com,Geschäftsstelle,Leipzig's cult side,
RB Leipzig II,DE,Regionalliga Nordost,Sachsen,https://www.rbleipzig.com,info@rbleipzig.com,Geschäftsstelle,Bundesliga reserve,
Greifswalder FC,DE,Regionalliga Nordost,M-V,https://www.greifswalder-fc.de,info@greifswalder-fc.de,Geschäftsstelle,Recent promoted M-V side,
FC Schönberg 95,DE,Regionalliga Nordost,M-V,https://www.fc-schoenberg.de,info@fc-schoenberg.de,Geschäftsstelle,Small-town club,
SC Fortuna Köln,DE,Regionalliga West,NRW,https://www.fortuna-koeln.de,info@fortuna-koeln.de,Geschäftsstelle,Cologne's third club tradition,
Wuppertaler SV,DE,Regionalliga West,NRW,https://www.wsv1954.de,info@wsv1954.de,Geschäftsstelle,Wuppertal cult club,
SG Wattenscheid 09,DE,Regionalliga West,NRW,https://www.sg-wattenscheid-09.de,info@sg-wattenscheid-09.de,Geschäftsstelle,Bochum-area cult side,
Rot Weiss Ahlen,DE,Regionalliga West,NRW,https://www.rot-weiss-ahlen.de,info@rot-weiss-ahlen.de,Geschäftsstelle,Westphalia tradition,
Borussia Mönchengladbach II,DE,Regionalliga West,NRW,https://www.borussia.de,info@borussia.de,Geschäftsstelle,Bundesliga reserve,
Bayer 04 Leverkusen II,DE,Regionalliga West,NRW,https://www.bayer04.de,info@bayer04.de,Geschäftsstelle,Bundesliga reserve,
1. FC Köln II,DE,Regionalliga West,NRW,https://www.fc-koeln.de,info@fc-koeln.de,Geschäftsstelle,Bundesliga reserve,
Borussia Dortmund II,DE,Regionalliga West,NRW,https://www.bvb.de,info@bvb.de,Geschäftsstelle,Bundesliga reserve,
FC Schalke 04 II,DE,Regionalliga West,NRW,https://www.schalke04.de,info@schalke04.de,Geschäftsstelle,2. Bundesliga reserve,
Fortuna Düsseldorf II,DE,Regionalliga West,NRW,https://www.f95.de,info@f95.de,Geschäftsstelle,2. Bundesliga reserve,
Sportfreunde Lotte,DE,Regionalliga West,NRW,https://www.sportfreunde-lotte.de,info@sportfreunde-lotte.de,Geschäftsstelle,Münsterland side,
SC Preußen Münster II,DE,Regionalliga West,NRW,https://www.preussen-muenster.de,info@preussen-muenster.de,Geschäftsstelle,2. Bundesliga reserve,
Bonner SC,DE,Regionalliga West,NRW,https://www.bonner-sc.de,info@bonner-sc.de,Geschäftsstelle,Bonn flagship,
Rot-Weiß Oberhausen,DE,Regionalliga West,NRW,https://www.rwo-online.de,info@rwo-online.de,Geschäftsstelle,Ruhr tradition,
KFC Uerdingen 05,DE,Regionalliga West,NRW,https://www.kfc-uerdingen.de,info@kfc-uerdingen.de,Geschäftsstelle,Krefeld cult side,
1. FSV Mainz 05 II,DE,Regionalliga Südwest,Rheinland-Pfalz,https://www.mainz05.de,info@mainz05.de,Geschäftsstelle,Bundesliga reserve,
Eintracht Frankfurt II,DE,Regionalliga Südwest,Hessen,https://www.eintracht.de,info@eintracht.de,Geschäftsstelle,Bundesliga reserve,
TSG 1899 Hoffenheim II,DE,Regionalliga Südwest,Baden-Württemberg,https://www.tsg-hoffenheim.de,nachwuchs@tsg-hoffenheim.de,Geschäftsstelle,Bundesliga reserve,
SC Freiburg II,DE,Regionalliga Südwest,Baden,https://www.scfreiburg.com,info@scfreiburg.com,Geschäftsstelle,Bundesliga reserve,
VfB Stuttgart II,DE,Regionalliga Südwest,Baden-Württemberg,https://www.vfb.de,info@vfb.de,Geschäftsstelle,Bundesliga reserve,
SV Elversberg II,DE,Regionalliga Südwest,Saarland,https://www.svelversberg.de,info@svelversberg.de,Geschäftsstelle,2. Bundesliga reserve,
FC 08 Homburg,DE,Regionalliga Südwest,Saarland,https://www.fchomburg.de,info@fchomburg.de,Geschäftsstelle,Saarland tradition,
Kickers Offenbach,DE,Regionalliga Südwest,Hessen,https://www.ofc.de,info@ofc.de,Geschäftsstelle,Frankfurt-region cult club,
TSV Steinbach Haiger,DE,Regionalliga Südwest,Hessen,https://www.tsv-steinbach-haiger.de,info@tsv-steinbach-haiger.de,Geschäftsstelle,Mid-Hessen Regionalliga side,
SGV Freiberg,DE,Regionalliga Südwest,Baden-Württemberg,https://www.sgv-freiberg.de,info@sgv-freiberg.de,Geschäftsstelle,Stuttgart-area club,
Stuttgarter Kickers,DE,Regionalliga Südwest,Baden-Württemberg,https://www.stuttgarter-kickers.de,info@stuttgarter-kickers.de,Geschäftsstelle,Cult Stuttgart side,
FC Astoria Walldorf,DE,Regionalliga Südwest,Baden-Württemberg,https://www.fc-astoria-walldorf.de,info@fc-astoria-walldorf.de,Geschäftsstelle,Walldorf amateur tradition,
SSV Ulm 1846,DE,Regionalliga Südwest,Baden-Württemberg,https://www.ssvulm1846.de,info@ssvulm1846.de,Geschäftsstelle,Ulm flagship,
1. FC Kaiserslautern II,DE,Regionalliga Südwest,Rheinland-Pfalz,https://www.fck.de,info@fck.de,Geschäftsstelle,2. Bundesliga reserve,
FC Bayern München II,DE,Regionalliga Bayern,Bayern,https://www.fcbayern.com,info@fcbayern.com,Geschäftsstelle,Bundesliga reserve,
SpVgg Greuther Fürth II,DE,Regionalliga Bayern,Bayern,https://www.kleeblatt.de,info@kleeblatt.de,Geschäftsstelle,2. Bundesliga reserve,
FC Augsburg II,DE,Regionalliga Bayern,Bayern,https://www.fcaugsburg.de,info@fcaugsburg.de,Geschäftsstelle,Bundesliga reserve,
1. FC Nürnberg II,DE,Regionalliga Bayern,Bayern,https://www.fcn.de,info@fcn.de,Geschäftsstelle,2. Bundesliga reserve,
Würzburger Kickers,DE,Regionalliga Bayern,Bayern,https://www.wuerzburger-kickers.de,info@wuerzburger-kickers.de,Geschäftsstelle,Würzburg flagship,
FC Memmingen,DE,Regionalliga Bayern,Bayern,https://www.fcmemmingen.de,info@fcmemmingen.de,Geschäftsstelle,Allgäu tradition,
DJK Vilzing,DE,Regionalliga Bayern,Bayern,https://www.djk-vilzing.de,info@djk-vilzing.de,Geschäftsstelle,Bavarian-Forest village club; great human story,
TSV Buchbach,DE,Regionalliga Bayern,Bayern,https://www.tsv-buchbach.de,info@tsv-buchbach.de,Geschäftsstelle,Long-time Regionalliga regular,
VfB Eichstätt,DE,Regionalliga Bayern,Bayern,https://www.vfbeichstaett.de,info@vfbeichstaett.de,Geschäftsstelle,Eichstätt cathedral-town club,
SpVgg Bayreuth,DE,Regionalliga Bayern,Bayern,https://www.spvggbayreuth.de,info@spvggbayreuth.de,Geschäftsstelle,Upper Franconia tradition,
Türkgücü München,DE,Regionalliga Bayern,Bayern,https://www.tuerkguecue-muenchen.de,info@tuerkguecue-muenchen.de,Geschäftsstelle,Turkish-German Munich club,
FV Illertissen,DE,Regionalliga Bayern,Bayern,https://www.fvillertissen.de,info@fvillertissen.de,Geschäftsstelle,Swabian tradition club,
TSV 1860 Rosenheim,DE,Regionalliga Bayern,Bayern,https://www.tsv1860rosenheim.de,info@tsv1860rosenheim.de,Geschäftsstelle,Upper Bavarian club,
FC Pipinsried,DE,Regionalliga Bayern,Bayern,https://www.fcpipinsried.de,info@fcpipinsried.de,Geschäftsstelle,Village-club Regionalliga story,
Hamburger SV III,DE,Oberliga Hamburg,Hamburg,https://www.hsv.de,info@hsv.de,Geschäftsstelle,Bundesliga third team,
HEBC Hamburg,DE,Oberliga Hamburg,Hamburg,https://www.hebc-hamburg.de,info@hebc-hamburg.de,Geschäftsstelle,Hamburg amateur side,
SC Victoria Hamburg,DE,Oberliga Hamburg,Hamburg,https://www.sc-victoria.de,info@sc-victoria.de,Geschäftsstelle,Hamburg tradition,
Niendorfer TSV,DE,Oberliga Hamburg,Hamburg,https://www.niendorfer-tsv.de,info@niendorfer-tsv.de,Geschäftsstelle,Hamburg suburb,
Eintracht Norderstedt II,DE,Oberliga Hamburg,Schleswig-Holstein,https://www.eintracht-norderstedt.de,info@eintracht-norderstedt.de,Geschäftsstelle,Hamburg-area side,
BSV Bremen,DE,Bremen-Liga,Bremen,https://www.bsvbremen.de,info@bsvbremen.de,Geschäftsstelle,Bremen amateur,
Bremer SV,DE,Bremen-Liga,Bremen,https://www.bremersv.de,info@bremersv.de,Geschäftsstelle,Bremen cult club,
Blumenthaler SV,DE,Bremen-Liga,Bremen,https://www.blumenthalersv.de,info@blumenthalersv.de,Geschäftsstelle,Bremen district club,
OSC Bremerhaven,DE,Bremen-Liga,Bremen,https://www.oscbremerhaven.de,info@oscbremerhaven.de,Geschäftsstelle,Bremerhaven coastal side,
TuS Komet Arsten,DE,Bremen-Liga,Bremen,https://www.komet-arsten.de,info@komet-arsten.de,Geschäftsstelle,Bremen district club,
SV Werder Bremen III,DE,Bremen-Liga,Bremen,https://www.werder.de,info@werder.de,Geschäftsstelle,Bundesliga third team,
Berliner SC,DE,Oberliga NOFV-Nord,Berlin,https://www.berliner-sc.de,info@berliner-sc.de,Geschäftsstelle,Berlin amateur,
Türkiyemspor Berlin,DE,Oberliga NOFV-Nord,Berlin,https://www.tuerkiyemspor.de,info@tuerkiyemspor.de,Geschäftsstelle,Turkish-German Berlin club,
SV Lichtenberg 47,DE,Oberliga NOFV-Nord,Berlin,https://www.svlichtenberg47.de,info@svlichtenberg47.de,Geschäftsstelle,East Berlin club,
SV Sparta Lichtenberg,DE,Oberliga NOFV-Nord,Berlin,https://www.sv-sparta-lichtenberg.de,info@sv-sparta-lichtenberg.de,Geschäftsstelle,East Berlin club,
1. FC Wilmersdorf,DE,Berlin Liga,Berlin,https://www.1fcwilmersdorf.de,info@1fcwilmersdorf.de,Geschäftsstelle,Berlin district side,
SV Stern Britz 1889,DE,Berlin Liga,Berlin,https://www.svsternbritz.de,info@svsternbritz.de,Geschäftsstelle,Berlin district,
DFB Hochschulsport Koordination (adh),DE,University - central,Dachverband (Dieburg),https://www.adh.de,info@adh.de,Generalsekretariat,Coordinates 200+ German university sport clubs (~620k students),
Hochschulsport Universität München (ZHS),DE,University,Bayern,https://www.zhs-muenchen.de,info@zhs-muenchen.de,Sportreferent,Munich uni sport - largest in DE,
Hochschulsport Köln,DE,University,NRW,https://www.hochschulsport.uni-koeln.de,info@hochschulsport.uni-koeln.de,Sportreferent,Cologne uni sport with football programme,
Hochschulsport TU Berlin,DE,University,Berlin,https://www.tu-sport.de,info@tu-sport.de,Sportreferent,Berlin TU football programme,
Hochschulsport Humboldt-Universität,DE,University,Berlin,https://www.hochschulsport.hu-berlin.de,info@hochschulsport.hu-berlin.de,Sportreferent,Berlin HU football,
Hochschulsport Frankfurt am Main,DE,University,Hessen,https://www.hochschulsport-frankfurt.de,info@hochschulsport-frankfurt.de,Sportreferent,Frankfurt uni football,
Allgemeiner Hochschulsport Hamburg,DE,University,Hamburg,https://www.hochschulsport.uni-hamburg.de,info@hochschulsport.uni-hamburg.de,Sportreferent,Hamburg uni football,
Hochschulsport Heidelberg,DE,University,Baden-Württemberg,https://www.issw.uni-heidelberg.de,info@issw.uni-heidelberg.de,Sportreferent,Heidelberg uni sport,
Hochschulsport Münster,DE,University,NRW,https://www.uni-muenster.de/Hochschulsport,info@hochschulsport-muenster.de,Sportreferent,Münster student football,
Hochschulsport Leipzig,DE,University,Sachsen,https://www.zfh.uni-leipzig.de,info@zfh.uni-leipzig.de,Sportreferent,Leipzig uni football,
Hochschulsport Dresden,DE,University,Sachsen,https://www.tu-dresden.de/usz,usz@tu-dresden.de,Sportreferent,TU Dresden football,
BAG Fanprojekte Deutschland,DE,Fan-Projekt central,Frankfurt am Main,https://www.bag-fanprojekte.de,info@bag-fanprojekte.de,Geschäftsführer,Umbrella body for all German fan-projekte; reaches 60+ local fan groups,
Fanprojekt Hamburg,DE,Fan-Projekt,Hamburg,https://www.fanprojekt-hamburg.de,info@fanprojekt-hamburg.de,Projektleitung,HSV + St. Pauli supporter outreach,
Fanprojekt Bremen,DE,Fan-Projekt,Bremen,https://www.fanprojekt-bremen.de,info@fanprojekt-bremen.de,Projektleitung,Werder Bremen supporters,
Fanprojekt Dortmund,DE,Fan-Projekt,NRW,https://www.fanprojekt-dortmund.de,info@fanprojekt-dortmund.de,Projektleitung,BVB youth fan engagement,
Fanprojekt Berlin,DE,Fan-Projekt,Berlin,https://www.fanprojekt-berlin.de,info@fanprojekt-berlin.de,Projektleitung,Hertha/Union fan culture,
Fanprojekt Leipzig,DE,Fan-Projekt,Sachsen,https://www.fanprojekt-leipzig.de,info@fanprojekt-leipzig.de,Projektleitung,RB/Lok/Chemie supporters,
Fanprojekt Köln,DE,Fan-Projekt,NRW,https://www.fanprojekt-koeln.de,info@fanprojekt-koeln.de,Projektleitung,1. FC Köln fan engagement,
Fanprojekt Mönchengladbach,DE,Fan-Projekt,NRW,https://www.fanprojekt-mg.de,info@fanprojekt-mg.de,Projektleitung,Borussia Mönchengladbach supporters,
Fanprojekt Karlsruhe,DE,Fan-Projekt,Baden-Württemberg,https://www.fanprojekt-karlsruhe.de,info@fanprojekt-karlsruhe.de,Projektleitung,KSC supporter network,
Unsere Kurve e.V.,DE,Fan-Projekt national,Berlin,https://www.unsere-kurve.de,info@unsere-kurve.de,Vorstand,National fan-rights / supporters association,
FIGC - Federazione Italiana Giuoco Calcio,IT,Federation central,Roma,https://www.figc.it,segreteria@figc.it,Segreteria Generale,Italian FA - umbrella body for all Comitati Regionali,
Lega Nazionale Dilettanti (LND),IT,Federation central,Roma,https://www.lnd.it,segreteria@lnd.it,Segreteria Generale,Amateur arm of FIGC - reaches 14000 dilettanti clubs,
Lega Pro,IT,Federation central,Firenze,https://www.legapro.it,segreteria@legapro.it,Segretario Generale,Serie C governing body,
Lega B,IT,Federation central,Milano,https://www.legab.it,segreteria@legab.it,Segretario Generale,Serie B governing body,
Comitato Regionale LND Lombardia,IT,Comitato Regionale,Lombardia (Milano),https://lombardia.lnd.it,crlombardia@lnd.it,Presidente Comitato,Largest regional committee - reaches all Lombardy amateur clubs,
Comitato Regionale LND Veneto,IT,Comitato Regionale,Veneto (Padova),https://veneto.lnd.it,crveneto@lnd.it,Presidente Comitato,Major committee covering Venice/Padua/Verona region,
Comitato Regionale LND Emilia-Romagna,IT,Comitato Regionale,Emilia-Romagna (Bologna),https://emiliaromagna.lnd.it,cremiliaromagna@lnd.it,Presidente Comitato,Bologna/Modena/Parma amateur scene,
Comitato Regionale LND Toscana,IT,Comitato Regionale,Toscana (Firenze),https://toscana.lnd.it,crtoscana@lnd.it,Presidente Comitato,Florence/Pisa/Livorno coverage,
Comitato Regionale LND Lazio,IT,Comitato Regionale,Lazio (Roma),https://lazio.lnd.it,crlazio@lnd.it,Presidente Comitato,Rome region amateur football,
Comitato Regionale LND Campania,IT,Comitato Regionale,Campania (Napoli),https://campania.lnd.it,crcampania@lnd.it,Presidente Comitato,Naples region - football-mad,
Comitato Regionale LND Piemonte-Valle d'Aosta,IT,Comitato Regionale,Piemonte (Torino),https://piemontevda.lnd.it,crpiemonte@lnd.it,Presidente Comitato,Turin region amateur scene,
Comitato Regionale LND Sicilia,IT,Comitato Regionale,Sicilia (Palermo),https://sicilia.lnd.it,crsicilia@lnd.it,Presidente Comitato,Sicilian amateur football,
Comitato Regionale LND Puglia,IT,Comitato Regionale,Puglia (Bari),https://puglia.lnd.it,crpuglia@lnd.it,Presidente Comitato,Bari/Lecce region,
Comitato Regionale LND Calabria,IT,Comitato Regionale,Calabria (Catanzaro),https://calabria.lnd.it,crcalabria@lnd.it,Presidente Comitato,Calabrian amateur scene,
Comitato Regionale LND Sardegna,IT,Comitato Regionale,Sardegna (Cagliari),https://sardegna.lnd.it,crsardegna@lnd.it,Presidente Comitato,Sardinian amateur football,
Comitato Regionale LND Abruzzo,IT,Comitato Regionale,Abruzzo (L'Aquila),https://abruzzo.lnd.it,crabruzzo@lnd.it,Presidente Comitato,Abruzzo region,
Comitato Regionale LND Marche,IT,Comitato Regionale,Marche (Ancona),https://marche.lnd.it,crmarche@lnd.it,Presidente Comitato,Marche region,
Comitato Regionale LND Liguria,IT,Comitato Regionale,Liguria (Genova),https://liguria.lnd.it,crliguria@lnd.it,Presidente Comitato,Genoa/Ligurian coast,
Comitato Regionale LND Umbria,IT,Comitato Regionale,Umbria (Perugia),https://umbria.lnd.it,crumbria@lnd.it,Presidente Comitato,Umbrian amateur football,
Comitato Regionale LND Molise,IT,Comitato Regionale,Molise (Campobasso),https://molise.lnd.it,crmolise@lnd.it,Presidente Comitato,Molise region,
Comitato Regionale LND Basilicata,IT,Comitato Regionale,Basilicata (Potenza),https://basilicata.lnd.it,crbasilicata@lnd.it,Presidente Comitato,Basilicata region,
Comitato Regionale LND Friuli-Venezia Giulia,IT,Comitato Regionale,FVG (Udine),https://friuliveneziagiulia.lnd.it,crfvg@lnd.it,Presidente Comitato,Udine/Trieste region,
Comitato Provinciale Autonomo Trento,IT,Comitato Regionale,Trentino (Trento),https://trento.lnd.it,crtrento@lnd.it,Presidente Comitato,Autonomous province committee,
Comitato Provinciale Autonomo Bolzano,IT,Comitato Regionale,Alto Adige (Bolzano),https://bolzano.lnd.it,crbolzano@lnd.it,Presidente Comitato,South Tyrol autonomous committee,
Palermo FC,IT,Serie B,Sicilia,https://www.palermofc.com,segreteria@palermofc.com,Segretario Generale,Sicilian flagship,
Catanzaro,IT,Serie B,Calabria,https://www.uscatanzaro.net,segreteria@uscatanzaro.net,Segretario Generale,Calabrian top side,
Bari,IT,Serie B,Puglia,https://www.ssbari.it,segreteria@ssbari.it,Segretario Generale,Apulian flagship,
Brescia,IT,Serie B,Lombardia,https://www.bresciacalcio.it,segreteria@bresciacalcio.it,Segretario Generale,Lombard tradition,
Cosenza,IT,Serie B,Calabria,https://www.cosenzacalcio1914.it,segreteria@cosenzacalcio1914.it,Segretario Generale,Calabrian tradition,
Cremonese,IT,Serie B,Lombardia,https://www.uscremonese.it,segreteria@uscremonese.it,Segretario Generale,Cremona club,
Frosinone,IT,Serie B,Lazio,https://www.frosinonecalcio.com,segreteria@frosinonecalcio.com,Segretario Generale,Lazio mid-tier,
Modena,IT,Serie B,Emilia-Romagna,https://www.modenafc.net,segreteria@modenafc.net,Segretario Generale,Modena tradition,
Parma,IT,Serie B,Emilia-Romagna,https://www.parmacalcio1913.com,info@parmacalcio1913.com,Segreteria,Cult Emilian club,
Pisa,IT,Serie B,Toscana,https://www.pisasportingclub.it,segreteria@pisasportingclub.it,Segretario Generale,Tuscan tradition,
Reggiana,IT,Serie B,Emilia-Romagna,https://www.reggioaudace.it,segreteria@reggioaudace.it,Segretario Generale,Reggio Emilia tradition,
Sampdoria,IT,Serie B,Liguria,https://www.sampdoria.it,info@sampdoria.it,Segreteria,Genoese cult club,
Spezia,IT,Serie B,Liguria,https://www.acspezia.com,segreteria@acspezia.com,Segretario Generale,Eastern Liguria club,
Sudtirol,IT,Serie B,Alto Adige,https://www.fc-suedtirol.com,segreteria@fc-suedtirol.com,Segretario Generale,South Tyrolean unique fanbase,
Ternana,IT,Serie B,Umbria,https://www.ternanacalcio.com,segreteria@ternanacalcio.com,Segretario Generale,Umbrian tradition,
Venezia,IT,Serie B,Veneto,https://www.veneziafc.it,segreteria@veneziafc.it,Segretario Generale,Venice flagship - global brand,
Cesena,IT,Serie B,Emilia-Romagna,https://www.cesenafc.it,segreteria@cesenafc.it,Segretario Generale,Romagna tradition,
Mantova,IT,Serie B,Lombardia,https://www.mantova1911.com,segreteria@mantova1911.com,Segretario Generale,Lombard tradition,
Salernitana,IT,Serie B,Campania,https://www.ussalernitana1919.it,segreteria@ussalernitana1919.it,Segretario Generale,Salerno cult club,
Avellino,IT,Serie C,Campania,https://www.usavellino1912.it,segreteria@usavellino1912.it,Segretario Generale,Campania tradition,
Benevento,IT,Serie C,Campania,https://www.beneventocalcio.club,segreteria@beneventocalcio.club,Segretario Generale,Campania mid-tier,
Casertana,IT,Serie C,Campania,https://www.casertanafc.it,segreteria@casertanafc.it,Segretario Generale,Caserta tradition,
Crotone,IT,Serie C,Calabria,https://www.fccrotone.it,segreteria@fccrotone.it,Segretario Generale,Calabrian flagship,
Latina,IT,Serie C,Lazio,https://www.latinacalcio1932.com,segreteria@latinacalcio1932.com,Segretario Generale,Lazio coastal side,
Foggia,IT,Serie C,Puglia,https://www.calciofoggia1920.it,segreteria@calciofoggia1920.it,Segretario Generale,Apulian cult club,
Taranto,IT,Serie C,Puglia,https://www.tarantofootballclub1927.com,segreteria@tarantofootballclub1927.com,Segretario Generale,Apulian tradition,
Monopoli,IT,Serie C,Puglia,https://www.monopolicalcio1966.com,segreteria@monopolicalcio1966.com,Segretario Generale,Apulian club,
Picerno,IT,Serie C,Basilicata,https://www.acpicerno.it,segreteria@acpicerno.it,Segretario Generale,Basilicata top club,
Potenza,IT,Serie C,Basilicata,https://www.potenzacalcio.com,segreteria@potenzacalcio.com,Segretario Generale,Basilicata flagship,
Catania,IT,Serie C,Sicilia,https://www.cataniafc.com,segreteria@cataniafc.com,Segretario Generale,Sicilian giant,
Trapani,IT,Serie C,Sicilia,https://www.trapanicalcio.it,segreteria@trapanicalcio.it,Segretario Generale,Sicilian western tradition,
Messina,IT,Serie C,Sicilia,https://www.acrmessina.com,segreteria@acrmessina.com,Segretario Generale,Sicilian historic club,
Pescara,IT,Serie C,Abruzzo,https://www.pescaracalcio.com,segreteria@pescaracalcio.com,Segretario Generale,Abruzzo flagship,
Giugliano,IT,Serie C,Campania,https://www.giuglianocalcio.it,segreteria@giuglianocalcio.it,Segretario Generale,Naples-area club,
Sorrento,IT,Serie C,Campania,https://www.sorrentocalcio1945.it,segreteria@sorrentocalcio1945.it,Segretario Generale,Amalfi coast tradition,
Cavese,IT,Serie C,Campania,https://www.cavese1919.it,segreteria@cavese1919.it,Segretario Generale,Campania amateur tradition,
Padova,IT,Serie C,Veneto,https://www.padovacalcio.it,segreteria@padovacalcio.it,Segretario Generale,Veneto historic side,
Vicenza,IT,Serie C,Veneto,https://www.lrvicenza.it,segreteria@lrvicenza.it,Segretario Generale,Veneto tradition,
Triestina,IT,Serie C,FVG,https://www.ustriestinacalcio1918.it,segreteria@ustriestinacalcio1918.it,Segretario Generale,Trieste historic club,
Pordenone,IT,Serie C,FVG,https://www.pordenonecalcio.com,segreteria@pordenonecalcio.com,Segretario Generale,FVG side,
Pergolettese,IT,Serie C,Lombardia,https://www.pergolettese1932.com,segreteria@pergolettese1932.com,Segretario Generale,Lombard club,
Pro Patria,IT,Serie C,Lombardia,https://www.aurorapropatria1919.com,segreteria@aurorapropatria1919.com,Segretario Generale,Lombard historic club,
AlbinoLeffe,IT,Serie C,Lombardia,https://www.albinoleffe.com,segreteria@albinoleffe.com,Segretario Generale,Bergamo-area tradition,
Renate,IT,Serie C,Lombardia,https://www.aciren.it,segreteria@aciren.it,Segretario Generale,Lombard amateur side,
Pro Sesto,IT,Serie C,Lombardia,https://www.prosesto.it,segreteria@prosesto.it,Segretario Generale,Milan-suburb club,
Carrarese,IT,Serie C,Toscana,https://www.carrarese.it,segreteria@carrarese.it,Segretario Generale,Tuscan tradition,
Lucchese,IT,Serie C,Toscana,https://www.lucchese.com,segreteria@lucchese.com,Segretario Generale,Lucca tradition,
Pontedera,IT,Serie C,Toscana,https://www.uspontedera.com,segreteria@uspontedera.com,Segretario Generale,Tuscan amateur club,
Pianese,IT,Serie C,Toscana,https://www.pianesecalcio.com,segreteria@pianesecalcio.com,Segretario Generale,Tuscan amateur club,
Perugia,IT,Serie C,Umbria,https://www.acperugiacalcio.com,segreteria@acperugiacalcio.com,Segretario Generale,Umbrian flagship,
Gubbio,IT,Serie C,Umbria,https://www.asgubbio1910.it,segreteria@asgubbio1910.it,Segretario Generale,Umbrian tradition,
Arezzo,IT,Serie C,Toscana,https://www.arezzocalcio.it,segreteria@arezzocalcio.it,Segretario Generale,Tuscan tradition,
Sestri Levante,IT,Serie C,Liguria,https://www.sestrilevante1919.it,segreteria@sestrilevante1919.it,Segretario Generale,Ligurian coastal club,
Virtus Entella,IT,Serie C,Liguria,https://www.virtusentella.com,segreteria@virtusentella.com,Segretario Generale,Chiavari club,
Novara,IT,Serie C,Piemonte,https://www.novaracalcio.it,segreteria@novaracalcio.it,Segretario Generale,Piedmontese tradition,
Pro Vercelli,IT,Serie C,Piemonte,https://www.fcprovercelli.it,segreteria@fcprovercelli.it,Segretario Generale,Piedmontese historic club,
Alessandria,IT,Serie C,Piemonte,https://www.alessandriacalcio.com,segreteria@alessandriacalcio.com,Segretario Generale,Piedmontese tradition,
Juventus Next Gen,IT,Serie C,Piemonte,https://www.juventus.com,info@juventus.com,Segreteria,Juventus reserve team,
Atalanta U23,IT,Serie C,Lombardia,https://www.atalanta.it,info@atalanta.it,Segreteria,Atalanta reserves,
Milan Futuro,IT,Serie C,Lombardia,https://www.acmilan.com,info@acmilan.com,Segreteria,AC Milan reserve team,
Caldiero Terme,IT,Serie C,Veneto,https://www.caldieroterme.it,segreteria@caldieroterme.it,Segretario Generale,Veronese village club,
SPAL,IT,Serie D,Emilia-Romagna,https://www.spalferrara.it,segreteria@spalferrara.it,Segretario Generale,Ferrara tradition club fallen to Serie D,
Sambenedettese,IT,Serie D,Marche,https://www.sambenedettesecalcio.it,segreteria@sambenedettesecalcio.it,Segretario Generale,Marche cult club,
Ancona,IT,Serie D,Marche,https://www.anconamatelica.it,segreteria@anconamatelica.it,Segretario Generale,Marche flagship,
Cuneo,IT,Serie D,Piemonte,https://www.cuneocalciofc.com,segreteria@cuneocalciofc.com,Segretario Generale,Cuneo regional side,
Asti,IT,Serie D,Piemonte,https://www.asticalcio.it,segreteria@asticalcio.it,Segretario Generale,Asti regional side,
Saluzzo,IT,Serie D,Piemonte,https://www.saluzzocalcio.com,segreteria@saluzzocalcio.com,Segretario Generale,Piedmontese amateur,
Borgosesia,IT,Serie D,Piemonte,https://www.borgosesiacalcio.it,segreteria@borgosesiacalcio.it,Segretario Generale,Piedmontese amateur,
Sangiuliano City,IT,Serie D,Lombardia,https://www.sangiulianocity.it,segreteria@sangiulianocity.it,Segretario Generale,Milan suburb club,
Folgore Caratese,IT,Serie D,Lombardia,https://www.folgorecaratese.com,segreteria@folgorecaratese.com,Segretario Generale,Brianza amateur,
Castellanzese,IT,Serie D,Lombardia,https://www.castellanzese.it,segreteria@castellanzese.it,Segretario Generale,Lombard amateur,
Crema,IT,Serie D,Lombardia,https://www.uscrema1908.it,segreteria@uscrema1908.it,Segretario Generale,Cremasco amateur,
Caravaggio,IT,Serie D,Lombardia,https://www.caravaggiocalcio.it,segreteria@caravaggiocalcio.it,Segretario Generale,Lombard amateur,
Calvina,IT,Serie D,Lombardia,https://www.calvinacalcio.it,segreteria@calvinacalcio.it,Segretario Generale,Brescia-area amateur,
Caldiero Terme,IT,Serie D,Veneto,https://www.caldieroterme.it,segreteria@caldieroterme.it,Segretario Generale,Veronese amateur,
Treviso,IT,Serie D,Veneto,https://www.trevisofbc.it,segreteria@trevisofbc.it,Segretario Generale,Veneto historic side,
Mestre,IT,Serie D,Veneto,https://www.calciomestre1929.it,segreteria@calciomestre1929.it,Segretario Generale,Venice-mainland amateur,
Adriese,IT,Serie D,Veneto,https://www.adriesecalcio.it,segreteria@adriesecalcio.it,Segretario Generale,Polesine amateur,
Belluno,IT,Serie D,Veneto,https://www.bellunocalcio.it,segreteria@bellunocalcio.it,Segretario Generale,Dolomites amateur,
Forli,IT,Serie D,Emilia-Romagna,https://www.forli1919.it,segreteria@forli1919.it,Segretario Generale,Romagna amateur tradition,
Imolese,IT,Serie D,Emilia-Romagna,https://www.imolesecalcio.it,segreteria@imolesecalcio.it,Segretario Generale,Romagna amateur,
Ravenna,IT,Serie D,Emilia-Romagna,https://www.ravennafootballclub1913.it,segreteria@ravennafootballclub1913.it,Segretario Generale,Romagna tradition,
Carpi,IT,Serie D,Emilia-Romagna,https://www.carpifc.it,segreteria@carpifc.it,Segretario Generale,Emilian cult side,
Prato,IT,Serie D,Toscana,https://www.acprato.it,segreteria@acprato.it,Segretario Generale,Tuscan tradition,
Livorno,IT,Serie D,Toscana,https://www.livornocalcio.it,segreteria@livornocalcio.it,Segretario Generale,Tuscan cult club,
Grosseto,IT,Serie D,Toscana,https://www.usgrosseto1912.it,segreteria@usgrosseto1912.it,Segretario Generale,Tuscan amateur tradition,
Siena,IT,Serie D,Toscana,https://www.acnsiena.com,segreteria@acnsiena.com,Segretario Generale,Tuscan historic club,
San Donato Tavarnelle,IT,Serie D,Toscana,https://www.sandonatotavarnelle.it,segreteria@sandonatotavarnelle.it,Segretario Generale,Tuscan amateur,
Trastevere,IT,Serie D,Lazio,https://www.trastevere1909.com,segreteria@trastevere1909.com,Segretario Generale,Roman amateur club,
Cassino,IT,Serie D,Lazio,https://www.frusinatecalcio.com,segreteria@frusinatecalcio.com,Segretario Generale,Lazio amateur,
Roma City,IT,Serie D,Lazio,https://www.romacityfc.com,segreteria@romacityfc.com,Segretario Generale,Roman amateur club,
Notaresco,IT,Serie D,Abruzzo,https://www.notarescocalcio.it,segreteria@notarescocalcio.it,Segretario Generale,Abruzzo amateur,
Sambiase,IT,Serie D,Calabria,https://www.sambiasecalcio.it,segreteria@sambiasecalcio.it,Segretario Generale,Calabrian amateur,
Reggio Calabria,IT,Serie D,Calabria,https://www.reggio1914.it,segreteria@reggio1914.it,Segretario Generale,Reggio Calabria flagship,
Vibonese,IT,Serie D,Calabria,https://www.usvibonese.it,segreteria@usvibonese.it,Segretario Generale,Vibo Valentia club,
Locri,IT,Serie D,Calabria,https://www.locrese.com,segreteria@locrese.com,Segretario Generale,Calabrian amateur,
Acireale,IT,Serie D,Sicilia,https://www.acireale1946.it,segreteria@acireale1946.it,Segretario Generale,Sicilian amateur tradition,
Siracusa,IT,Serie D,Sicilia,https://www.siracusacalcio.it,segreteria@siracusacalcio.it,Segretario Generale,Sicilian cult side,
Ragusa,IT,Serie D,Sicilia,https://www.fcragusa.it,segreteria@fcragusa.it,Segretario Generale,Sicilian amateur,
Akragas,IT,Serie D,Sicilia,https://www.akragas2018.it,segreteria@akragas2018.it,Segretario Generale,Agrigento club,
Lecco,IT,Serie D,Lombardia,https://www.calciolecco.com,segreteria@calciolecco.com,Segretario Generale,Lake Como amateur,
San Marino Calcio,IT,Serie D,San Marino,https://www.sanmarinocalcio.com,segreteria@sanmarinocalcio.com,Segretario Generale,Italo-Sammarinese club,
Eccellenza Lombardia - Tritium,IT,Eccellenza,Lombardia,https://www.tritium.it,segreteria@tritium.it,Segretario,Trezzo sull'Adda amateur tradition,
Eccellenza Lombardia - Caratese,IT,Eccellenza,Lombardia,https://www.caratesecalcio.it,segreteria@caratesecalcio.it,Segretario,Brianza amateur,
Eccellenza Veneto - Union Clodiense,IT,Eccellenza,Veneto,https://www.unionclodiense.it,segreteria@unionclodiense.it,Segretario,Chioggia amateur,
Eccellenza Veneto - Dolomiti Bellunesi,IT,Eccellenza,Veneto,https://www.dolomitibellunesi.it,segreteria@dolomitibellunesi.it,Segretario,Belluno amateur,
Eccellenza Emilia - Lentigione,IT,Eccellenza,Emilia-Romagna,https://www.lentigione.it,segreteria@lentigione.it,Segretario,Reggio Emilia amateur,
Eccellenza Emilia - Correggese,IT,Eccellenza,Emilia-Romagna,https://www.correggese.it,segreteria@correggese.it,Segretario,Emilian amateur,
Eccellenza Toscana - Sangiovannese,IT,Eccellenza,Toscana,https://www.sangiovannese.it,segreteria@sangiovannese.it,Segretario,San Giovanni Valdarno amateur,
Eccellenza Toscana - Real Forte Querceta,IT,Eccellenza,Toscana,https://www.realfortequerceta.it,segreteria@realfortequerceta.it,Segretario,Versilia amateur,
Eccellenza Lazio - Cynthialbalonga,IT,Eccellenza,Lazio,https://www.cynthialbalonga.it,segreteria@cynthialbalonga.it,Segretario,Castelli Romani amateur,
Eccellenza Lazio - Anzio,IT,Eccellenza,Lazio,https://www.anziocalcio1924.com,segreteria@anziocalcio1924.com,Segretario,Roman coastal amateur,
Eccellenza Campania - Nola,IT,Eccellenza,Campania,https://www.usdnolacalcio.it,segreteria@usdnolacalcio.it,Segretario,Campania amateur,
Eccellenza Campania - Sant'Anastasia,IT,Eccellenza,Campania,https://www.santanastasiacalcio.it,segreteria@santanastasiacalcio.it,Segretario,Naples-area amateur,
Eccellenza Puglia - Manfredonia,IT,Eccellenza,Puglia,https://www.manfredoniacalcio.com,segreteria@manfredoniacalcio.com,Segretario,Apulian amateur,
Eccellenza Sicilia - Enna,IT,Eccellenza,Sicilia,https://www.ennacalcio.it,segreteria@ennacalcio.it,Segretario,Sicilian interior amateur,
Eccellenza Calabria - Sambiase,IT,Eccellenza,Calabria,https://www.sambiasecalcio.it,segreteria@sambiasecalcio.it,Segretario,Lamezia amateur,
Eccellenza Piemonte - Chisola,IT,Eccellenza,Piemonte,https://www.chisolacalcio.it,segreteria@chisolacalcio.it,Segretario,Vinovo amateur,
Eccellenza Liguria - Imperia,IT,Eccellenza,Liguria,https://www.imperiacalcio.it,segreteria@imperiacalcio.it,Segretario,Ligurian western coast amateur,
Eccellenza Marche - Tolentino,IT,Eccellenza,Marche,https://www.tolentino1919.com,segreteria@tolentino1919.com,Segretario,Marche amateur,
Eccellenza Sardegna - Ilvamaddalena,IT,Eccellenza,Sardegna,https://www.ilvamaddalena.com,segreteria@ilvamaddalena.com,Segretario,Sardinian amateur,
Eccellenza Umbria - Foligno,IT,Eccellenza,Umbria,https://www.folignocalcio.com,segreteria@folignocalcio.com,Segretario,Umbrian amateur tradition,
Eccellenza Abruzzo - Avezzano,IT,Eccellenza,Abruzzo,https://www.avezzanocalcio.com,segreteria@avezzanocalcio.com,Segretario,Abruzzo amateur,
CUSI - Centro Universitario Sportivo Italiano,IT,University central,Roma,https://www.cusi.it,segreteria@cusi.it,Segretario Generale,Italian university sport umbrella - 53 CUS across Italy,
CUS Milano,IT,University,Lombardia,https://www.cusmilano.it,info@cusmilano.it,Segretario,Milan uni sport with football programme,
CUS Roma,IT,University,Lazio,https://www.cusroma.it,info@cusroma.it,Segretario,Rome uni sport,
CUS Torino,IT,University,Piemonte,https://www.custorino.it,info@custorino.it,Segretario,Turin uni sport,
CUS Bologna,IT,University,Emilia-Romagna,https://www.cusbo.it,info@cusbo.it,Segretario,Bologna uni sport,
CUS Padova,IT,University,Veneto,https://www.cuspadova.it,info@cuspadova.it,Segretario,Padua uni sport,
CUS Firenze,IT,University,Toscana,https://www.cusfirenze.it,info@cusfirenze.it,Segretario,Florence uni sport,
CUS Napoli,IT,University,Campania,https://www.cusnapoli.it,info@cusnapoli.it,Segretario,Naples uni sport,
CUS Genova,IT,University,Liguria,https://www.cusgenova.it,info@cusgenova.it,Segretario,Genoa uni sport,
CUS Palermo,IT,University,Sicilia,https://www.cuspa.it,info@cuspa.it,Segretario,Palermo uni sport,
CUS Bari,IT,University,Puglia,https://www.cusbari.it,info@cusbari.it,Segretario,Bari uni sport,
Centro Coordinamento Genoa Clubs,IT,Supporter trust,Liguria,https://www.ccgenoaclub.it,info@ccgenoaclub.it,Coordinatore,Coordination of Genoa supporter clubs,
Centro Coordinamento Sampdoria Club,IT,Supporter trust,Liguria,https://www.ccsclub.it,info@ccsclub.it,Coordinatore,Sampdoria official supporter coordination,
Centro Coordinamento Bologna Clubs,IT,Supporter trust,Emilia-Romagna,https://www.ccbolognaclubs.it,info@ccbolognaclubs.it,Coordinatore,Bologna supporters,
Centro Coordinamento Fiorentina Clubs,IT,Supporter trust,Toscana,https://www.ccfiorentinaclubs.it,info@ccfiorentinaclubs.it,Coordinatore,Fiorentina official supporter coord,
Centro Coordinamento Torino Clubs,IT,Supporter trust,Piemonte,https://www.cctorinoclub.it,info@cctorinoclub.it,Coordinatore,Toro supporters,
Centro Coordinamento Atalanta Clubs,IT,Supporter trust,Lombardia,https://www.ccatalantaclubs.it,info@ccatalantaclubs.it,Coordinatore,Atalanta official supporter coord,
FFF - Fédération Française de Football,FR,Federation central,Paris,https://www.fff.fr,info@fff.fr,Direction Générale,French FA - umbrella body for all Ligues Régionales,
LFP - Ligue de Football Professionnel,FR,Federation central,Paris,https://www.lfp.fr,contact@lfp.fr,Secrétariat Général,Pro league governing body - Ligue 1 + Ligue 2,
FFF Direction Technique Nationale,FR,Federation central,Clairefontaine,https://www.fff.fr/dtn,dtn@fff.fr,Directeur Technique National,National coaching body - useful for grassroots tools,
Ligue Régionale Auvergne-Rhône-Alpes,FR,Ligue Régionale,Lyon,https://auvergnerhonealpes.fff.fr,laurafoot@laurafoot.fff.fr,Secrétaire Général,Lyon-Grenoble region - LAuRAFoot covers 2nd largest region,
Ligue Régionale Bourgogne-Franche-Comté,FR,Ligue Régionale,Dijon,https://bourgognefranchecomte.fff.fr,lbfc@lbfc.fff.fr,Secrétaire Général,Dijon-Besançon region,
Ligue Régionale Bretagne,FR,Ligue Régionale,Rennes,https://bretagne.fff.fr,lbf@lbf.fff.fr,Secrétaire Général,Brittany - football-mad region (Rennes/Brest/Lorient amateur scenes),
Ligue Régionale Centre-Val de Loire,FR,Ligue Régionale,Châteauroux,https://centrevaldeloire.fff.fr,liguecentre@centrevaldeloire.fff.fr,Secrétaire Général,Châteauroux/Orléans region,
Ligue Régionale Corse,FR,Ligue Régionale,Ajaccio,https://corse.fff.fr,lcf@lcf.fff.fr,Secrétaire Général,Corsican football - intense local rivalries,
Ligue Régionale Grand Est,FR,Ligue Régionale,Strasbourg,https://grandest.fff.fr,lgef@lgef.fff.fr,Secrétaire Général,Strasbourg-Metz-Nancy region,
Ligue Régionale Hauts-de-France,FR,Ligue Régionale,Lille,https://hautsdefrance.fff.fr,lhdf@lhdf.fff.fr,Secrétaire Général,Lille-Lens-Valenciennes region,
Ligue Régionale Île-de-France,FR,Ligue Régionale,Paris,https://paris-idf.fff.fr,lpiff@lpiff.fff.fr,Secrétaire Général,Paris region - largest by club density,
Ligue Régionale Normandie,FR,Ligue Régionale,Lisieux,https://normandie.fff.fr,liguenormandie@normandie.fff.fr,Secrétaire Général,Caen-Rouen-Le Havre region,
Ligue Régionale Nouvelle-Aquitaine,FR,Ligue Régionale,Puymoyen,https://nouvelle-aquitaine.fff.fr,lfna@lfna.fff.fr,Secrétaire Général,Bordeaux-Limoges-Pau region,
Ligue Régionale Occitanie,FR,Ligue Régionale,Castelmaurou,https://occitanie.fff.fr,lfo@lfo.fff.fr,Secrétaire Général,Toulouse-Montpellier-Nîmes region,
Ligue Régionale Pays de la Loire,FR,Ligue Régionale,Nantes,https://paysdelaloire.fff.fr,lfpl@lfpl.fff.fr,Secrétaire Général,Nantes-Angers-Le Mans region,
Ligue Régionale Provence-Alpes-Côte d'Azur,FR,Ligue Régionale,Aix-en-Provence,https://mediterranee.fff.fr,lmf@lmf.fff.fr,Secrétaire Général,Marseille-Nice-Toulon region,
Ligue Régionale Guadeloupe,FR,Ligue Régionale,Pointe-à-Pitre,https://guadeloupe.fff.fr,lgf@lgf.fff.fr,Secrétaire Général,Caribbean ultramarine ligue,
Ligue Régionale Martinique,FR,Ligue Régionale,Fort-de-France,https://martinique.fff.fr,lfm@lfm.fff.fr,Secrétaire Général,Martinique ultramarine ligue,
Ligue Régionale Guyane,FR,Ligue Régionale,Cayenne,https://guyane.fff.fr,lfg@lfg.fff.fr,Secrétaire Général,French Guiana ultramarine ligue,
Ligue Régionale Réunion,FR,Ligue Régionale,Saint-Denis,https://reunion.fff.fr,lrf@lrf.fff.fr,Secrétaire Général,Réunion ultramarine ligue,
Ligue Régionale Mayotte,FR,Ligue Régionale,Mamoudzou,https://mayotte.fff.fr,lmf-mayotte@mayotte.fff.fr,Secrétaire Général,Mayotte ultramarine ligue,
Stade Lavallois,FR,Ligue 2,Pays de la Loire,https://www.stade-lavallois.com,contact@stade-lavallois.com,Secrétaire Général,Laval cult club,
EA Guingamp,FR,Ligue 2,Bretagne,https://www.eaguingamp.com,contact@eaguingamp.com,Secrétaire Général,Breton tradition,
Pau FC,FR,Ligue 2,Nouvelle-Aquitaine,https://www.paufc.fr,contact@paufc.fr,Secrétaire Général,Béarn flagship,
Rodez AF,FR,Ligue 2,Occitanie,https://www.rodezaf.com,contact@rodezaf.com,Secrétaire Général,Aveyron flagship,
USL Dunkerque,FR,Ligue 2,Hauts-de-France,https://www.usldunkerque.com,contact@usldunkerque.com,Secrétaire Général,Dunkerque tradition,
AS Saint-Étienne,FR,Ligue 2,Auvergne-Rhône-Alpes,https://www.asse.fr,contact@asse.fr,Secrétaire Général,Iconic French club - largest provincial fanbase,
SC Bastia,FR,Ligue 2,Corse,https://www.sc-bastia.corsica,contact@sc-bastia.corsica,Secrétaire Général,Corsican icon,
FC Annecy,FR,Ligue 2,Auvergne-Rhône-Alpes,https://www.fcannecy.com,contact@fcannecy.com,Secrétaire Général,Annecy mountain side,
Grenoble Foot 38,FR,Ligue 2,Auvergne-Rhône-Alpes,https://www.gf38.com,contact@gf38.com,Secrétaire Général,Alpine flagship,
Clermont Foot 63,FR,Ligue 2,Auvergne-Rhône-Alpes,https://www.clermontfoot.com,contact@clermontfoot.com,Secrétaire Général,Massif Central club,
Caen,FR,Ligue 2,Normandie,https://www.smcaen.fr,contact@smcaen.fr,Secrétaire Général,Norman tradition,
ESTAC Troyes,FR,Ligue 2,Grand Est,https://www.estac.fr,contact@estac.fr,Secrétaire Général,Champagne flagship,
Red Star FC,FR,Ligue 2,Île-de-France,https://www.redstar.fr,contact@redstar.fr,Secrétaire Général,Paris cult club - global brand,
Ajaccio AC,FR,Ligue 2,Corse,https://www.acajaccio.corsica,contact@acajaccio.corsica,Secrétaire Général,Corsican rival to Bastia,
Amiens SC,FR,Ligue 2,Hauts-de-France,https://www.amiensfootball.com,contact@amiensfootball.com,Secrétaire Général,Picardy flagship,
Bordeaux,FR,National 1,Nouvelle-Aquitaine,https://www.girondins.com,contact@girondins.com,Secrétaire Général,Iconic fallen giant in National 1,
Le Mans FC,FR,National 1,Pays de la Loire,https://www.lemansfc.com,contact@lemansfc.com,Secrétaire Général,Pays de la Loire tradition,
Boulogne-sur-Mer,FR,National 1,Hauts-de-France,https://www.usbco.com,contact@usbco.com,Secrétaire Général,Côte d'Opale tradition,
Châteauroux,FR,National 1,Centre-Val de Loire,https://www.lberrichonne.com,contact@lberrichonne.com,Secrétaire Général,Berry tradition,
Concarneau,FR,National 1,Bretagne,https://www.usconcarneau.com,contact@usconcarneau.com,Secrétaire Général,Breton coastal side,
Dijon FCO,FR,National 1,Bourgogne-Franche-Comté,https://www.dfco.fr,contact@dfco.fr,Secrétaire Général,Burgundian flagship,
Nancy,FR,National 1,Grand Est,https://www.asnl.net,contact@asnl.net,Secrétaire Général,Lorraine tradition,
Nîmes Olympique,FR,National 1,Occitanie,https://www.nimes-olympique.com,contact@nimes-olympique.com,Secrétaire Général,Gard flagship,
Orléans,FR,National 1,Centre-Val de Loire,https://www.usorleans.fr,contact@usorleans.fr,Secrétaire Général,Loire tradition,
Quevilly Rouen,FR,National 1,Normandie,https://www.quevillyrouen.com,contact@quevillyrouen.com,Secrétaire Général,Norman cult club,
Sochaux,FR,National 1,Bourgogne-Franche-Comté,https://www.fcsochaux.fr,contact@fcsochaux.fr,Secrétaire Général,Doubs tradition - Peugeot heritage,
Valenciennes,FR,National 1,Hauts-de-France,https://www.vafc.fr,contact@vafc.fr,Secrétaire Général,Nord tradition,
Versailles 78,FR,National 1,Île-de-France,https://www.versailles78fc.com,contact@versailles78fc.com,Secrétaire Général,Yvelines amateur tradition,
GOAL FC,FR,National 1,Auvergne-Rhône-Alpes,https://www.goal-fc.fr,contact@goal-fc.fr,Secrétaire Général,Lyon-Chasselay club,
Niort,FR,National 1,Nouvelle-Aquitaine,https://www.chamoisniortais.fr,contact@chamoisniortais.fr,Secrétaire Général,Deux-Sèvres tradition,
US Avranches,FR,National 2,Normandie,https://www.usavranches.fr,contact@usavranches.fr,Secrétaire Général,Manche amateur,
SO Cholet,FR,National 2,Pays de la Loire,https://www.socholet.fr,contact@socholet.fr,Secrétaire Général,Maine-et-Loire amateur,
Vannes OC,FR,National 2,Bretagne,https://www.vannesoc.fr,contact@vannesoc.fr,Secrétaire Général,Breton coastal amateur,
Stade Briochin,FR,National 2,Bretagne,https://www.stadebriochin.com,contact@stadebriochin.com,Secrétaire Général,Saint-Brieuc amateur,
US Granville,FR,National 2,Normandie,https://www.usgranville.com,contact@usgranville.com,Secrétaire Général,Manche amateur,
FC Rouen,FR,National 2,Normandie,https://www.fcrouen.fr,contact@fcrouen.fr,Secrétaire Général,Norman amateur flagship,
Stade Beauvaisis,FR,National 2,Hauts-de-France,https://www.stade-beauvaisis-oise.fr,contact@stade-beauvaisis-oise.fr,Secrétaire Général,Oise amateur,
US Saint-Malo,FR,National 2,Bretagne,https://www.ussm.fr,contact@ussm.fr,Secrétaire Général,Breton coastal amateur,
Lorient B,FR,National 2,Bretagne,https://www.fclweb.fr,contact@fclweb.fr,Secrétaire Général,Ligue 1 reserve,
Nantes B,FR,National 2,Pays de la Loire,https://www.fcnantes.com,contact@fcnantes.com,Secrétaire Général,Ligue 1 reserve,
Rennes B,FR,National 2,Bretagne,https://www.staderennais.com,contact@staderennais.com,Secrétaire Général,Ligue 1 reserve,
Angers SCO B,FR,National 2,Pays de la Loire,https://www.angers-sco.fr,contact@angers-sco.fr,Secrétaire Général,Ligue 1 reserve,
Reims B,FR,National 2,Grand Est,https://www.stade-de-reims.com,contact@stade-de-reims.com,Secrétaire Général,Ligue 1 reserve,
Strasbourg B,FR,National 2,Grand Est,https://www.rcstrasbourgalsace.fr,contact@rcstrasbourgalsace.fr,Secrétaire Général,Ligue 1 reserve,
SAS Épinal,FR,National 2,Grand Est,https://www.sasepinal.com,contact@sasepinal.com,Secrétaire Général,Vosges amateur,
FC Mulhouse,FR,National 2,Grand Est,https://www.fcmulhouse.fr,contact@fcmulhouse.fr,Secrétaire Général,Alsatian tradition,
RC Strasbourg Bischheim,FR,National 2,Grand Est,https://www.rcs-bischheim.fr,contact@rcs-bischheim.fr,Secrétaire Général,Alsace amateur,
Fleury 91,FR,National 2,Île-de-France,https://www.fleurymerogis-football.fr,contact@fleurymerogis-football.fr,Secrétaire Général,Essonne amateur,
Paris 13 Atletico,FR,National 2,Île-de-France,https://www.paris13atletico.com,contact@paris13atletico.com,Secrétaire Général,Paris amateur,
Paris FC B,FR,National 2,Île-de-France,https://www.parisfc.fr,contact@parisfc.fr,Secrétaire Général,Ligue 2 reserve,
PSG B,FR,National 2,Île-de-France,https://en.psg.fr,contact@psg.fr,Secrétaire Général,Ligue 1 reserve,
Le Havre B,FR,National 2,Normandie,https://www.hac-foot.com,contact@hac-foot.com,Secrétaire Général,Ligue 1 reserve,
Lyon-La Duchère,FR,National 2,Auvergne-Rhône-Alpes,https://www.lyon-laduchere-foot.com,contact@lyon-laduchere-foot.com,Secrétaire Général,Lyon amateur,
Andrézieux-Bouthéon,FR,National 2,Auvergne-Rhône-Alpes,https://www.abfc42.fr,contact@abfc42.fr,Secrétaire Général,Loire amateur,
Aubagne FC,FR,National 2,PACA,https://www.aubagnefc.fr,contact@aubagnefc.fr,Secrétaire Général,Bouches-du-Rhône amateur,
Hyères 83 FC,FR,National 2,PACA,https://www.hyeresfc.com,contact@hyeresfc.com,Secrétaire Général,Var amateur,
GFA Rumilly Vallières,FR,National 2,Auvergne-Rhône-Alpes,https://www.gfarv.fr,contact@gfarv.fr,Secrétaire Général,Haute-Savoie amateur,
Marignane Gignac,FR,National 2,PACA,https://www.marignane-gignac-club-football.com,contact@marignane-gignac-club-football.com,Secrétaire Général,Bouches-du-Rhône amateur,
Toulouse Rodéo FC,FR,National 2,Occitanie,https://www.toulouserodeofc.fr,contact@toulouserodeofc.fr,Secrétaire Général,Toulouse amateur,
Bergerac Périgord FC,FR,National 2,Nouvelle-Aquitaine,https://www.bpfc24.com,contact@bpfc24.com,Secrétaire Général,Dordogne amateur,
Bourges Foot 18,FR,National 2,Centre-Val de Loire,https://www.bourges-foot.com,contact@bourges-foot.com,Secrétaire Général,Cher amateur,
Blois Football 41,FR,National 2,Centre-Val de Loire,https://www.bloisfoot41.com,contact@bloisfoot41.com,Secrétaire Général,Loir-et-Cher amateur,
US Saint-Pierre,FR,National 3,Réunion,https://www.us-saintpierre.com,contact@us-saintpierre.com,Secrétaire Général,Réunion top amateur,
JS Saint-Pierroise,FR,National 3,Réunion,https://www.jssaintpierroise.com,contact@jssaintpierroise.com,Secrétaire Général,Réunion top side,
Solitaires FC,FR,National 3,Île-de-France,https://www.solitairesfc.fr,contact@solitairesfc.fr,Secrétaire Général,Paris amateur,
Plabennec,FR,National 3,Bretagne,https://www.stade-plabennecois.fr,contact@stade-plabennecois.fr,Secrétaire Général,Finistère amateur,
Saint-Brieuc,FR,National 3,Bretagne,https://www.stadebriochin.com,contact@stadebriochin.com,Secrétaire Général,Côtes-d'Armor amateur,
Wasquehal,FR,National 3,Hauts-de-France,https://www.wasquehalfc.fr,contact@wasquehalfc.fr,Secrétaire Général,Lille suburb amateur,
Calais,FR,National 3,Hauts-de-France,https://www.calaisfootballclub.com,contact@calaisfootballclub.com,Secrétaire Général,Pas-de-Calais amateur,
Olympique Saint-Quentin,FR,National 3,Hauts-de-France,https://www.osq-foot.com,contact@osq-foot.com,Secrétaire Général,Aisne amateur,
RC Lens B,FR,National 3,Hauts-de-France,https://www.rclens.fr,contact@rclens.fr,Secrétaire Général,Ligue 1 reserve,
Lille B,FR,National 3,Hauts-de-France,https://www.losc.fr,contact@losc.fr,Secrétaire Général,Ligue 1 reserve,
Bobigny,FR,National 3,Île-de-France,https://www.acbb-foot.fr,contact@acbb-foot.fr,Secrétaire Général,Seine-Saint-Denis amateur,
Drancy JA,FR,National 3,Île-de-France,https://www.jadrancy.fr,contact@jadrancy.fr,Secrétaire Général,Seine-Saint-Denis amateur,
Aulnay Sport Athletique,FR,National 3,Île-de-France,https://www.aulnaysportathletique.fr,contact@aulnaysportathletique.fr,Secrétaire Général,Seine-Saint-Denis amateur,
Tours FC,FR,National 3,Centre-Val de Loire,https://www.tours-fc.com,contact@tours-fc.com,Secrétaire Général,Indre-et-Loire flagship,
Romorantin,FR,National 3,Centre-Val de Loire,https://www.smromorantin.com,contact@smromorantin.com,Secrétaire Général,Sologne amateur tradition,
Vierzon,FR,National 3,Centre-Val de Loire,https://www.fcvierzon.com,contact@fcvierzon.com,Secrétaire Général,Cher amateur,
La Roche VF,FR,National 3,Pays de la Loire,https://www.laroche-vf.fr,contact@laroche-vf.fr,Secrétaire Général,Vendée amateur,
Saumur OFC,FR,National 3,Pays de la Loire,https://www.saumur-ofc.com,contact@saumur-ofc.com,Secrétaire Général,Maine-et-Loire amateur,
La Châtaigneraie Vendée,FR,National 3,Pays de la Loire,https://www.lachataigneraievf.fr,contact@lachataigneraievf.fr,Secrétaire Général,Vendée amateur,
Olympique d'Alès,FR,National 3,Occitanie,https://www.olympiquealesien.com,contact@olympiquealesien.com,Secrétaire Général,Gard amateur,
Sète FC,FR,National 3,Occitanie,https://www.fcseteois.com,contact@fcseteois.com,Secrétaire Général,Hérault tradition,
Béziers,FR,National 3,Occitanie,https://www.avenirsportifbeziers.fr,contact@avenirsportifbeziers.fr,Secrétaire Général,Hérault tradition,
Castelnau le Crès,FR,National 3,Occitanie,https://www.csccfc.fr,contact@csccfc.fr,Secrétaire Général,Montpellier suburb amateur,
Toulouse Métropole,FR,National 3,Occitanie,https://www.fc-toulouse-metropole.com,contact@fc-toulouse-metropole.com,Secrétaire Général,Toulouse amateur,
Marseille Consolat,FR,National 3,PACA,https://www.athletico-marseille.com,contact@athletico-marseille.com,Secrétaire Général,Marseille amateur,
Cannes,FR,National 3,PACA,https://www.ascannesfootball.com,contact@ascannesfootball.com,Secrétaire Général,Côte d'Azur tradition,
Monaco B,FR,National 3,PACA,https://www.asmonaco.com,contact@asmonaco.com,Secrétaire Général,Ligue 1 reserve,
Nice B,FR,National 3,PACA,https://www.ogcnice.com,contact@ogcnice.com,Secrétaire Général,Ligue 1 reserve,
Toulon,FR,National 3,PACA,https://www.sctoulon.com,contact@sctoulon.com,Secrétaire Général,Var historic club,
FFSU - Fédération Française du Sport Universitaire,FR,University central,Paris,https://www.sport-u.com,contact@sport-u.com,Direction Nationale,French uni sport governing body - 130000 students 1200 university clubs,
ASCS Université de Paris,FR,University,Île-de-France,https://www.suaps.parisdescartes.fr,suaps@parisdescartes.fr,Coordinateur,Paris uni sport,
ASUL Lyon,FR,University,Auvergne-Rhône-Alpes,https://www.asul.fr,contact@asul.fr,Coordinateur,Lyon uni sport,
SUAPS Bordeaux,FR,University,Nouvelle-Aquitaine,https://www.suaps.u-bordeaux.fr,suaps@u-bordeaux.fr,Coordinateur,Bordeaux uni sport,
SUAPS Toulouse,FR,University,Occitanie,https://www.univ-tlse3.fr/sport,suaps@univ-tlse3.fr,Coordinateur,Toulouse uni sport,
SUAPS Lille,FR,University,Hauts-de-France,https://www.univ-lille.fr/sport,suaps@univ-lille.fr,Coordinateur,Lille uni sport,
SUAPS Rennes,FR,University,Bretagne,https://suaps.univ-rennes2.fr,suaps@univ-rennes2.fr,Coordinateur,Rennes uni sport,
SUAPS Aix-Marseille,FR,University,PACA,https://suaps.univ-amu.fr,suaps@univ-amu.fr,Coordinateur,Marseille uni sport,
SUAPS Strasbourg,FR,University,Grand Est,https://suaps.unistra.fr,suaps@unistra.fr,Coordinateur,Strasbourg uni sport,
SUAPS Nantes,FR,University,Pays de la Loire,https://suaps.univ-nantes.fr,suaps@univ-nantes.fr,Coordinateur,Nantes uni sport,
SUAPS Montpellier,FR,University,Occitanie,https://suaps.umontpellier.fr,suaps@umontpellier.fr,Coordinateur,Montpellier uni sport,
Magic Fans 1991 (ASSE),FR,Supporter association,Auvergne-Rhône-Alpes,https://www.magicfans1991.fr,contact@magicfans1991.fr,Bureau,Official Saint-Étienne supporters,
Green Angels 1992 (ASSE),FR,Supporter association,Auvergne-Rhône-Alpes,https://www.greenangels92.com,contact@greenangels92.com,Bureau,ASSE supporters,
Bad Gones 1987 (OL),FR,Supporter association,Auvergne-Rhône-Alpes,https://www.badgones87.com,contact@badgones87.com,Bureau,Lyon official supporters,
South Winners (OM),FR,Supporter association,PACA,https://www.southwinners.com,contact@southwinners.com,Bureau,Marseille official supporters,
Collectif Ultras Paris (PSG),FR,Supporter association,Île-de-France,https://www.collectifultrasparis.com,contact@collectifultrasparis.com,Bureau,PSG official supporters,
Allez Reims,FR,Supporter association,Grand Est,https://www.allezreims.com,contact@allezreims.com,Bureau,Stade de Reims official supporters,
Roazhon Celtic Kop (Rennes),FR,Supporter association,Bretagne,https://www.roazhonceltickop.com,contact@roazhonceltickop.com,Bureau,Rennes official supporters,
Brigade Loire (Nantes),FR,Supporter association,Pays de la Loire,https://www.brigadeloire.com,contact@brigadeloire.com,Bureau,FC Nantes official supporters,
Ultras Lille (LOSC),FR,Supporter association,Hauts-de-France,https://www.dvelilloise.com,contact@dvelilloise.com,Bureau,Lille official supporters,
Red Tigers (RC Lens),FR,Supporter association,Hauts-de-France,https://www.redtigers.fr,contact@redtigers.fr,Bureau,RC Lens official supporters,
KNVB - Koninklijke Nederlandse Voetbal Bond,NL,Federation central,Zeist,https://www.knvb.nl,info@knvb.nl,Algemeen Secretaris,Dutch FA - 6 districten umbrella,
KNVB District Noord,NL,KNVB District,Groningen,https://www.knvb.nl,district.noord@knvb.nl,Districtmanager,Groningen/Friesland/Drenthe amateur scene,
KNVB District Oost,NL,KNVB District,Deventer,https://www.knvb.nl,district.oost@knvb.nl,Districtmanager,Overijssel/Gelderland amateur scene,
KNVB District West I,NL,KNVB District,Amsterdam,https://www.knvb.nl,district.westi@knvb.nl,Districtmanager,Noord-Holland incl. Amsterdam,
KNVB District West II,NL,KNVB District,Rotterdam,https://www.knvb.nl,district.westii@knvb.nl,Districtmanager,Zuid-Holland incl. Rotterdam/Den Haag,
KNVB District Zuid I,NL,KNVB District,Goirle,https://www.knvb.nl,district.zuid1@knvb.nl,Districtmanager,Noord-Brabant/Zeeland amateur scene,
KNVB District Zuid II,NL,KNVB District,Sittard,https://www.knvb.nl,district.zuid2@knvb.nl,Districtmanager,Limburg amateur scene,
ADO Den Haag,NL,Eerste Divisie,Zuid-Holland,https://www.adodenhaag.nl,info@adodenhaag.nl,Algemeen Secretaris,Den Haag flagship,
FC Den Bosch,NL,Eerste Divisie,Noord-Brabant,https://www.fcdenbosch.nl,info@fcdenbosch.nl,Algemeen Secretaris,Brabant tradition,
FC Dordrecht,NL,Eerste Divisie,Zuid-Holland,https://www.fcdordrecht.nl,info@fcdordrecht.nl,Algemeen Secretaris,Dordrecht tradition,
FC Eindhoven,NL,Eerste Divisie,Noord-Brabant,https://www.fceindhoven.nl,info@fceindhoven.nl,Algemeen Secretaris,Eindhoven's second club,
FC Emmen,NL,Eerste Divisie,Drenthe,https://www.fcemmen.nl,info@fcemmen.nl,Algemeen Secretaris,Drenthe flagship,
Helmond Sport,NL,Eerste Divisie,Noord-Brabant,https://www.helmondsport.nl,info@helmondsport.nl,Algemeen Secretaris,Brabant tradition,
Jong Ajax,NL,Eerste Divisie,Noord-Holland,https://www.ajax.nl,info@ajax.nl,Algemeen Secretaris,Ajax reserves,
Jong AZ,NL,Eerste Divisie,Noord-Holland,https://www.az.nl,info@az.nl,Algemeen Secretaris,AZ reserves,
Jong PSV,NL,Eerste Divisie,Noord-Brabant,https://www.psv.nl,info@psv.nl,Algemeen Secretaris,PSV reserves,
Jong Utrecht,NL,Eerste Divisie,Utrecht,https://www.fcutrecht.nl,info@fcutrecht.nl,Algemeen Secretaris,FC Utrecht reserves,
MVV Maastricht,NL,Eerste Divisie,Limburg,https://www.mvv.nl,info@mvv.nl,Algemeen Secretaris,Limburg flagship,
Roda JC Kerkrade,NL,Eerste Divisie,Limburg,https://www.rodajc.nl,info@rodajc.nl,Algemeen Secretaris,Kerkrade cult club,
SC Cambuur,NL,Eerste Divisie,Friesland,https://www.cambuur.nl,info@cambuur.nl,Algemeen Secretaris,Frisian flagship,
SC Telstar,NL,Eerste Divisie,Noord-Holland,https://www.telstar1963.nl,info@telstar1963.nl,Algemeen Secretaris,Velsen tradition,
TOP Oss,NL,Eerste Divisie,Noord-Brabant,https://www.toposs.nl,info@toposs.nl,Algemeen Secretaris,Brabant amateur tradition,
VVV-Venlo,NL,Eerste Divisie,Limburg,https://www.vvv-venlo.nl,info@vvv-venlo.nl,Algemeen Secretaris,Limburg side,
De Graafschap,NL,Eerste Divisie,Gelderland,https://www.degraafschap.nl,info@degraafschap.nl,Algemeen Secretaris,Doetinchem flagship,
Vitesse,NL,Eerste Divisie,Gelderland,https://www.vitesse.nl,info@vitesse.nl,Algemeen Secretaris,Arnhem tradition,
Willem II,NL,Eerste Divisie,Noord-Brabant,https://www.willem-ii.nl,info@willem-ii.nl,Algemeen Secretaris,Tilburg flagship,
Almere City FC,NL,Eerste Divisie,Flevoland,https://www.almerecityfc.nl,info@almerecityfc.nl,Algemeen Secretaris,Flevoland flagship,
ASWH,NL,Tweede Divisie,Zuid-Holland,https://www.aswh.nl,info@aswh.nl,Secretaris,Hendrik-Ido-Ambacht amateur,
DOVO,NL,Tweede Divisie,Utrecht,https://www.dovo.nl,info@dovo.nl,Secretaris,Veenendaal amateur,
HHC Hardenberg,NL,Tweede Divisie,Overijssel,https://www.hhc-hardenberg.nl,info@hhc-hardenberg.nl,Secretaris,Overijssel amateur,
Hoek,NL,Tweede Divisie,Zeeland,https://www.vvhoek.nl,info@vvhoek.nl,Secretaris,Zeeuws-Vlaanderen amateur,
IJsselmeervogels,NL,Tweede Divisie,Utrecht,https://www.ijsselmeervogels.nl,info@ijsselmeervogels.nl,Secretaris,Spakenburg cult club,
Katwijk,NL,Tweede Divisie,Zuid-Holland,https://www.vvkatwijk.nl,info@vvkatwijk.nl,Secretaris,Katwijk amateur tradition,
Kozakken Boys,NL,Tweede Divisie,Zuid-Holland,https://www.kozakkenboys.nl,info@kozakkenboys.nl,Secretaris,Werkendam amateur,
Noordwijk,NL,Tweede Divisie,Zuid-Holland,https://www.vvnoordwijk.nl,info@vvnoordwijk.nl,Secretaris,Noordwijk amateur,
Quick Boys,NL,Tweede Divisie,Zuid-Holland,https://www.quickboys.nl,info@quickboys.nl,Secretaris,Katwijk rival amateur side,
Rijnsburgse Boys,NL,Tweede Divisie,Zuid-Holland,https://www.rijnsburgseboys.nl,info@rijnsburgseboys.nl,Secretaris,Bollenstreek amateur,
SC Genemuiden,NL,Tweede Divisie,Overijssel,https://www.sc-genemuiden.nl,info@sc-genemuiden.nl,Secretaris,Overijssel amateur,
Spakenburg,NL,Tweede Divisie,Utrecht,https://www.svspakenburg.nl,info@svspakenburg.nl,Secretaris,Spakenburg cult amateur club,
Excelsior Maassluis,NL,Tweede Divisie,Zuid-Holland,https://www.excelsiormaassluis.nl,info@excelsiormaassluis.nl,Secretaris,Maassluis amateur,
GVVV,NL,Tweede Divisie,Utrecht,https://www.gvvv.nl,info@gvvv.nl,Secretaris,Veenendaal amateur,
Scheveningen,NL,Tweede Divisie,Zuid-Holland,https://www.scheveningen.nl,info@scheveningen.nl,Secretaris,Den Haag coastal amateur,
Sparta Nijkerk,NL,Tweede Divisie,Gelderland,https://www.spartanijkerk.nl,info@spartanijkerk.nl,Secretaris,Gelderland amateur,
Koninklijke HFC,NL,Tweede Divisie,Noord-Holland,https://www.koninklijkehfc.nl,info@koninklijkehfc.nl,Secretaris,Haarlem oldest Dutch club (1879),
HSV Hoek,NL,Derde Divisie,Zeeland,https://www.hsvhoek.nl,info@hsvhoek.nl,Secretaris,Zeeland amateur,
Jong Sparta Rotterdam,NL,Derde Divisie,Zuid-Holland,https://www.sparta-rotterdam.nl,info@sparta-rotterdam.nl,Secretaris,Eredivisie reserves,
ONS Sneek,NL,Derde Divisie,Friesland,https://www.onssneek.nl,info@onssneek.nl,Secretaris,Frisian amateur,
Roda Boys Bovensmilde,NL,Derde Divisie,Drenthe,https://www.rodaboys.nl,info@rodaboys.nl,Secretaris,Drenthe amateur,
SteDoCo,NL,Derde Divisie,Zuid-Holland,https://www.stedoco.nl,info@stedoco.nl,Secretaris,Hoornaar amateur,
VV Capelle,NL,Derde Divisie,Zuid-Holland,https://www.vvcapelle.nl,info@vvcapelle.nl,Secretaris,Capelle aan den IJssel amateur,
VVOG,NL,Derde Divisie,Gelderland,https://www.vvog.nl,info@vvog.nl,Secretaris,Harderwijk amateur,
WHC,NL,Derde Divisie,Gelderland,https://www.whc-online.nl,info@whc-online.nl,Secretaris,Wezep amateur,
SVV Scheveningen,NL,Derde Divisie,Zuid-Holland,https://www.svvscheveningen.nl,info@svvscheveningen.nl,Secretaris,Den Haag amateur,
VVSB,NL,Derde Divisie,Zuid-Holland,https://www.vvsb.nl,info@vvsb.nl,Secretaris,Noordwijkerhout amateur,
ACV,NL,Derde Divisie,Drenthe,https://www.acv-assen.nl,info@acv-assen.nl,Secretaris,Assen amateur,
Excelsior 31,NL,Derde Divisie,Overijssel,https://www.excelsior31.nl,info@excelsior31.nl,Secretaris,Rijssen amateur,
Goes,NL,Derde Divisie,Zeeland,https://www.vvgoes.nl,info@vvgoes.nl,Secretaris,Zeeland flagship amateur,
HVV Hollandia,NL,Derde Divisie,Noord-Holland,https://www.hollandiahoorn.nl,info@hollandiahoorn.nl,Secretaris,Hoorn amateur,
Berkum,NL,Derde Divisie,Overijssel,https://www.vvberkum.nl,info@vvberkum.nl,Secretaris,Zwolle suburb amateur,
SVV 04,NL,Hoofdklasse,Limburg,https://www.svv04.nl,info@svv04.nl,Secretaris,Susteren amateur,
DETO Twenterand,NL,Hoofdklasse,Overijssel,https://www.deto.nl,info@deto.nl,Secretaris,Twenterand amateur,
DUNO,NL,Hoofdklasse,Gelderland,https://www.duno.nl,info@duno.nl,Secretaris,Doorwerth amateur,
Eemdijk,NL,Hoofdklasse,Utrecht,https://www.vveemdijk.nl,info@vveemdijk.nl,Secretaris,Bunschoten amateur,
JOS Watergraafsmeer,NL,Hoofdklasse,Noord-Holland,https://www.joswatergraafsmeer.nl,info@joswatergraafsmeer.nl,Secretaris,Amsterdam amateur tradition,
OFC,NL,Hoofdklasse,Noord-Holland,https://www.ofcoosthuizen.nl,info@ofcoosthuizen.nl,Secretaris,Oosthuizen amateur,
OJC Rosmalen,NL,Hoofdklasse,Noord-Brabant,https://www.ojc-rosmalen.nl,info@ojc-rosmalen.nl,Secretaris,Rosmalen amateur,
RKAV Volendam,NL,Hoofdklasse,Noord-Holland,https://www.rkavvolendam.nl,info@rkavvolendam.nl,Secretaris,Volendam amateur,
SDC Putten,NL,Hoofdklasse,Gelderland,https://www.sdcputten.nl,info@sdcputten.nl,Secretaris,Putten amateur,
Sparta Nijkerk,NL,Hoofdklasse,Gelderland,https://www.spartanijkerk.nl,info@spartanijkerk.nl,Secretaris,Gelderland amateur,
Be Quick 1887,NL,Hoofdklasse,Groningen,https://www.bequick1887.nl,info@bequick1887.nl,Secretaris,Groningen amateur tradition,
ZSGO/WMS,NL,Hoofdklasse,Noord-Holland,https://www.zsgo-wms.nl,info@zsgo-wms.nl,Secretaris,Amsterdam-Slotervaart amateur,
DOVO Veenendaal,NL,Hoofdklasse,Utrecht,https://www.dovo.nl,info@dovo.nl,Secretaris,Veenendaal amateur,
Studentenvoetbalvereniging Amsterdamse,NL,Student football,Noord-Holland,https://www.svaa.nl,info@svaa.nl,Secretaris,Amsterdam student club,
USV Hercules,NL,Student football,Utrecht,https://www.usvhercules.nl,info@usvhercules.nl,Secretaris,Utrecht student club (multi-sport but football is huge),
Odysseus '91,NL,Student football,Utrecht,https://www.odysseus91.nl,info@odysseus91.nl,Secretaris,Utrecht student football,
Roodenburg,NL,Student football,Zuid-Holland,https://www.vvroodenburg.nl,info@vvroodenburg.nl,Secretaris,Leiden student-linked amateur,
GASV,NL,Student football,Groningen,https://www.gasv.nl,info@gasv.nl,Secretaris,Groningen student football,
TVV De Kelten,NL,Student football,Brabant,https://www.dekelten.nl,info@dekelten.nl,Secretaris,Tilburg student football,
NSVV Wageningse Boys,NL,Student football,Gelderland,https://www.wageningseboys.nl,info@wageningseboys.nl,Secretaris,Wageningen student football,
TSV Braxgata,NL,Student football,Overijssel,https://www.braxgata.nl,info@braxgata.nl,Secretaris,Enschede student football,
SV Aengwirden,NL,Student football,Friesland,https://www.svaengwirden.nl,info@svaengwirden.nl,Secretaris,Leeuwarden student-linked,
Studenten Voetbal Vereniging Pancratius,NL,Student football,Limburg,https://www.svvpancratius.nl,info@svvpancratius.nl,Secretaris,Maastricht student football,
Supportersvereniging Ajax,NL,Supportersvereniging,Noord-Holland,https://www.svajax.nl,info@svajax.nl,Bestuur,Official Ajax supporters,
Supportersvereniging Feyenoord,NL,Supportersvereniging,Zuid-Holland,https://www.svfeyenoord.nl,info@svfeyenoord.nl,Bestuur,Official Feyenoord supporters,
Supportersvereniging PSV,NL,Supportersvereniging,Noord-Brabant,https://www.svpsv.nl,info@svpsv.nl,Bestuur,Official PSV supporters,
Supportersvereniging FC Twente,NL,Supportersvereniging,Overijssel,https://www.svfctwente.nl,info@svfctwente.nl,Bestuur,Official FC Twente supporters,
Supportersvereniging FC Groningen,NL,Supportersvereniging,Groningen,https://www.svfcgroningen.nl,info@svfcgroningen.nl,Bestuur,Official FC Groningen supporters,
Supportersvereniging Heerenveen,NL,Supportersvereniging,Friesland,https://www.svheerenveen.nl,info@svheerenveen.nl,Bestuur,Official sc Heerenveen supporters,
Supportersvereniging Vitesse,NL,Supportersvereniging,Gelderland,https://www.svvitesse.nl,info@svvitesse.nl,Bestuur,Official Vitesse supporters,
Supportersvereniging NEC Nijmegen,NL,Supportersvereniging,Gelderland,https://www.svnec.nl,info@svnec.nl,Bestuur,Official NEC supporters,
Supportersvereniging Sparta Rotterdam,NL,Supportersvereniging,Zuid-Holland,https://www.svsparta.nl,info@svsparta.nl,Bestuur,Official Sparta Rotterdam supporters,
Supportersvereniging Heracles Almelo,NL,Supportersvereniging,Overijssel,https://www.svheracles.nl,info@svheracles.nl,Bestuur,Official Heracles supporters,
