name,type,country,region,website,best_contact_email,best_contact_role,member_size,why_target,notes,phone
NZ Football Talent Centre Programme,youth-association-national,NZ,National,https://www.nzfootball.co.nz/Talent/Talent-Pathways,info@nzfootball.co.nz,General Office,~3000 players in NZF Talent Centre network,National NZF talent pathway covering 13 federation talent centres plus Future Ferns and Future Whites; every kid in the pathway has a football-mad family ideal WC2026 audience,HQ NZ Football House 5 Cawley St Ellerslie Auckland; member_size estimated from NZF annual report; pattern emails firstname.lastname@nzfootball.co.nz,+64 9 580 2750
WaiBOP Football Talent Centre,youth-association-state-or-regional,NZ,Waikato + Bay of Plenty,https://www.waibopfootball.co.nz/,admin@waibopfootball.co.nz,General Office,~6000 youth players across federation,Federation talent programme for Hamilton + Tauranga youth; whole-of-region multiplier,Hamilton + Tauranga offices; admin email confirmed on site,
Capital Football Junior Programmes,youth-association-state-or-regional,NZ,Wellington,https://www.capitalfootball.org.nz/,comms@capitalfootball.org.nz,Communications,42 clubs c. 16000 players,Wellington junior football programme reaches every junior club in Greater Wellington and Wairarapa,comms email confirmed on site; office Petone,
NZSSF (NZ Secondary Schools Football),school-soccer-program,NZ,National,https://nzssf.org.nz/,info@nzssf.org.nz,General Office,~400 secondary schools,Governing body for school football in NZ; runs the National Secondary Schools Tournament every July perfect WC2026 lead-in,Comms via College Sport regional bodies College Sport Auckland Wellington Canterbury,
WyntonRufer SoccerSkills Academy,independent-academy,NZ,Auckland,https://www.wsasoccerskills.com/,info@wsasoccerskills.com,Founder Office (Wynton Rufer),~1200 kids per year through 12 venues,All Whites legend Wynton Rufer runs the country's most established kids skill academy; brand name recognition + WC2026 nostalgia angle,Wynton is publicly reachable founder; HQ North Shore Auckland; member_size from public marketing,
Football Federation Auckland Junior Football,youth-association-state-or-regional,NZ,Auckland,https://www.nrf.org.nz/,info@nrf.org.nz,General Office,73 affiliated clubs ~37815 registered players,Northern Region Football covers Auckland and Northland junior football; biggest single multiplier in NZ,member_size from NRF annual report; one yes opens every Auckland junior club,
Coerver Coaching New Zealand,coaching-business,NZ,National,https://www.coerver.co.nz/,info@coerver.co.nz,National Director,~2500 kids per term across NZ,Coerver is the world's biggest skill-school franchise; NZ master franchise runs holiday camps + weekly clinics ideal for parent-mailing-list multiplier,Parent of global Coerver brand; HQ Auckland,
Ole Football Academy,independent-academy,NZ,Wellington,https://www.olefootballacademy.co.nz/,info@olefootballacademy.co.nz,Director,~150 elite kids + 600 development,Wellington's premier youth academy producing All Whites since 2009; tight family network of academy parents,member_size estimated from public roster,
JMA Football Academy,independent-academy,NZ,Auckland,https://www.jmafootball.com/,info@jmafootball.com,Founder Office,~600 kids per year,Auckland skill academy with strong family-engagement model + holiday camps,HQ Auckland; email pattern info@,
Football Ferns Talent Pathway,youth-association-national,NZ,National,https://www.nzfootball.co.nz/Talent/Talent-Pathways/Future-Ferns,info@nzfootball.co.nz,General Office,~400 elite girls in pathway,Female pathway feeding NZ women's national team; family + parent angle is huge for WC2026 promo,Use NZ Football contact; member_size estimate,
The FA Skills Programme,youth-association-national,UK,England,https://www.thefa.com/get-involved/player/skills,skills@thefa.com,Programme Office,~700000 kids per year reached,FA-run grassroots skills programme reaching 5-11 year olds in schools and clubs; single yes opens the whole FA youth pipeline,HQ Wembley Stadium HA9 0WS; (unverified) inferred email pattern from FA published pattern,
The FA Wildcats (Girls Programme),youth-association-national,UK,England,https://www.thefa.com/womens-girls-football/wildcats,wildcats@thefa.com,Programme Office,~80000 girls 5-11 per year,FA-run female-only football programme; growing audience and high parent engagement,(unverified) inferred email pattern; primary contact via FA Wembley switchboard,
The FA Snickers Just Play,youth-association-national,UK,England,https://www.thefa.com/get-involved/player/just-play,info@thefa.com,Programme Office,~120000 adults + families,Adult and family casual football programme run by FA; family WC2026 hook is direct,Use general FA inbox; HQ Wembley,
Foundation of Light (Sunderland),charity-football-org,UK,North East,https://www.foundationoflight.co.uk/,info@foundationoflight.co.uk,General Office,~50000 children per year,Sunderland AFC-linked charity reaching 50k kids across North East via schools and holiday programmes; sponsorship-friendly,Black Cats Lane Stadium of Light SR5 1SU; phone confirmed on site,+44 191 563 4777
Manchester United Foundation,charity-football-org,UK,Greater Manchester,https://mufoundation.org/,foundation@manutd.co.uk,General Office,~30000 kids reached,Man Utd-linked charity running schools programmes; massive parent reach via United fan base,Old Trafford M16 0RA; phone +44 161 868 8000,+44 161 868 8000
Manchester City Cityzens Giving,charity-football-org,UK,Greater Manchester,https://www.cityinthecommunity.org/,cityinthecommunity@mancity.com,General Office,~25000 young people,City in the Community charity arm; massive global parent audience via City brand,Etihad Campus M11 3FF,
Premier League Charitable Fund,charity-football-org,UK,National,https://www.premierleague.com/communities,plcf@premierleague.com,Communities Team,~1.1M kids reached annually,Umbrella fund for Premier League community programmes; one yes touches every PL club community arm,Brunel Building W2 1HQ; (unverified) inferred email,
StreetGames,charity-football-org,UK,National,https://network.streetgames.org/,info@streetgames.org,General Office,~750000 young people across UK,Sport-for-good network with deep parent reach in lower-income areas; football is the biggest sport in the network,Manchester HQ; phone confirmed on site,+44 161 707 0782
Show Racism the Red Card UK,charity-football-org,UK,National,https://www.theredcard.org/,ed@theredcard.org,Director Ged Grebby,~100000 students per year,Anti-racism football education charity working in schools across UK; football-positive parent narrative,HQ South Shields NE33; Ged Grebby is founder,+44 191 257 8519
Chelsea FC Foundation Academy Programmes,club-academy,UK,London,https://www.chelseafc.com/en/foundation,foundation@chelseafc.com,Foundation Office,~30000 kids per year,Chelsea FC non-residential coaching schools across UK and abroad; strong family-skewed audience,Stamford Bridge SW6 1HS; (unverified) inferred email pattern,+44 371 811 1955
Arsenal in the Community,charity-football-org,UK,London,https://www.arsenal.com/the-club/foundation/arsenal-in-the-community,community@arsenal.co.uk,Community Office,~20000 children reached,Arsenal community arm; high family engagement North London,Emirates Stadium N7 7AJ; (unverified) inferred email,
Tottenham Hotspur Foundation,charity-football-org,UK,London,https://www.tottenhamhotspur.com/the-club/foundation/,foundation@tottenhamhotspur.com,Foundation Office,~25000 kids per year,Spurs charity programme; school and parent engagement N17,Tottenham Hotspur Stadium N17 0BX; (unverified),+44 344 499 5000
Liverpool FC Foundation,charity-football-org,UK,Merseyside,https://foundation.liverpoolfc.com/,foundation@liverpoolfc.com,Foundation Office,~70000 people reached per year,LFC charity arm running In Schools Premier League Primary Stars Kicks and others; biggest brand in NW grassroots,Anfield L4 0TH; (unverified) inferred email,+44 151 264 2500
Manchester United Soccer Schools,holiday-camp-operator,UK,National + international,https://www.manutdsoccerschools.com/,soccerschools@manutd.co.uk,Programme Office,~15000 kids per year across countries,Man Utd-branded paid holiday camps in UK and overseas; affluent parent base perfect for WC2026 family pool,(unverified) inferred email; book via website,+44 161 868 8000
Chelsea FC Soccer Schools,holiday-camp-operator,UK,National + international,https://chelseafcsoccerschools.com/,info@chelseafcsoccerschools.com,Programme Office,~12000 kids per year,Chelsea FC-branded holiday camps and residential weeks; affluent international audience,(unverified) inferred email,
PlayerScope,independent-academy,UK,London,https://www.playerscope.co.uk/,info@playerscope.co.uk,Founder Office,~3000 kids per year,Privately-owned London academy known for elite player development scouting US college network; tight founder network,HQ London; (unverified) inferred email,
Soccer Coaching International (Premier Football Coaching),coaching-business,UK,National,https://www.premierfootballcoaching.co.uk/,info@premierfootballcoaching.co.uk,Office,~10000 kids per year,Large UK coaching franchise running school after-school clubs and birthdays,(unverified) inferred email,
Brazilian Soccer Schools (BSS),independent-academy,UK,National + global,https://www.bssproject.com/,bsschools@aol.com,Founder Simon Clifford,~25000 kids per year worldwide,Simon Clifford's BSS / Socatots reaches 25k kids globally; founder is famously reachable; futebol de salao angle ties perfectly to WC2026,HQ Leeds; member_size from public marketing; email from public records,
Soccer Aid UNICEF Programmes,charity-football-org,UK,National,https://www.socceraid.org.uk/,info@socceraid.org.uk,Communications,~£100M raised total,High-profile celebrity-football charity owned by UNICEF UK; tight to family-football identity in UK,(unverified) inferred email; Unicef UK HQ London EC2A,
English Universities Sport (BUCS) Football,university-soccer-program,UK,UK-wide,https://www.bucs.org.uk/sport/football.html,football@bucs.org.uk,Sport Manager,~150 universities ~12000 players,BUCS governs all UK university football men's and women's; single yes opens every uni football club,HQ London; (unverified) inferred email,+44 20 7633 5080
NCAA Division 1 Men's Soccer (NCAA),university-soccer-program,USA,National,https://www.ncaa.com/sports/soccer-men/d1,membership@ncaa.org,Membership Services,205 D1 men's programmes ~9000 players,NCAA D1 men's soccer programmes across all conferences; parent audience is enormous and engaged,Indianapolis HQ; (unverified) inferred email; phone confirmed,+1 317 917 6222
NCAA Division 1 Women's Soccer (NCAA),university-soccer-program,USA,National,https://www.ncaa.com/sports/soccer-women/d1,membership@ncaa.org,Membership Services,343 D1 women's programmes ~10000 players,NCAA D1 women's soccer programmes; the parent base for women's soccer in USA is the most-engaged audience in world football,Indianapolis HQ,+1 317 917 6222
United Soccer Coaches,coaching-business,USA,National,https://unitedsoccercoaches.org/,info@unitedsoccercoaches.org,General Office,30000+ coach members,Largest coaching membership org in USA; one yes goes to 30k US coaches who all run kids programmes,HQ Kansas City; (unverified) inferred email,+1 800 458 0678
US Youth Soccer (USYS),youth-association-national,USA,National,https://www.usyouthsoccer.org/,info@usyouthsoccer.org,National Office,~3M youth players,Largest youth soccer body in USA; 55 state associations underneath; the single biggest WC2026 family multiplier on the planet,HQ Frisco TX; member_size from USYS public stats,+1 800 4SOCCER
AYSO (American Youth Soccer Organization),youth-association-national,USA,National,https://www.ayso.org/,nso@ayso.org,National Support Office,~400000 players + 50000 volunteer coaches,Parent-volunteer-driven national youth soccer with strong family identity; perfect WC2026 prediction-pool fit,HQ Torrance CA; member_size from AYSO published,+1 800 872 2976
US Club Soccer,youth-association-national,USA,National,https://usclubsoccer.org/,info@usclubsoccer.org,National Office,~600000 players,Competitive youth body running ECNL and NPL; affluent travel-soccer parent base,HQ Charleston SC,+1 843 970 4600
ECNL (Elite Clubs National League),youth-association-national,USA,National,https://www.theecnl.com/,info@theecnl.com,Office,~30000 elite youth players,Elite girls and boys league with the most engaged travel-soccer parents in USA,(unverified) inferred email; HQ Richmond VA,
Cal North Youth Soccer Association,youth-association-state-or-regional,USA,Northern California,https://www.calnorth.org/,info@calnorth.org,State Office,~150000 players,One of biggest state YSAs; covers Bay Area with affluent Latino + tech parent base,Pleasanton CA HQ,+1 925 426 5437
Cal South Youth Soccer,youth-association-state-or-regional,USA,Southern California,https://www.calsouth.com/,info@calsouth.com,State Office,~200000 players,Largest state youth soccer in USA; LA + San Diego footprint with Mexican-American parent base perfect for WC2026,Fullerton CA HQ,+1 714 451 1300
Texas Youth Soccer (NTX + STX),youth-association-state-or-regional,USA,Texas,https://www.txsoccer.org/,info@txsoccer.org,State Office,~140000 players,Texas combined youth soccer footprint; Latino family audience and big WC2026 hype Mexico-USA-Canada hosted,Frisco / Houston offices,+1 469 661 0400
New York State West Youth Soccer,youth-association-state-or-regional,USA,New York,https://www.nyswysa.org/,office@nyswysa.org,State Office,~85000 players,Upstate NY youth association,(unverified) inferred email,
Eastern New York Youth Soccer,youth-association-state-or-regional,USA,New York,https://enysoccer.com/,info@enysoccer.com,State Office,~140000 players,NYC and Long Island youth soccer with very diverse parent base,(unverified) inferred email; HQ Plainview NY,
New Jersey Youth Soccer,youth-association-state-or-regional,USA,New Jersey,https://www.njyouthsoccer.com/,info@njyouthsoccer.com,State Office,~100000 players,Dense youth soccer market; very engaged soccer parents,Caldwell NJ HQ,+1 609 245 5051
Massachusetts Youth Soccer,youth-association-state-or-regional,USA,Massachusetts,https://www.mayouthsoccer.org/,info@mayouthsoccer.org,State Office,~70000 players,New England flagship YSA,Lancaster MA HQ,+1 978 466 8812
Florida Youth Soccer Association,youth-association-state-or-regional,USA,Florida,https://fysa.com/,info@fysa.com,State Office,~110000 players,Florida YSA with massive Latino + Caribbean family audience,Auburndale FL HQ,+1 863 268 8220
Illinois Youth Soccer,youth-association-state-or-regional,USA,Illinois,https://www.illinoisyouthsoccer.org/,info@illinoisyouthsoccer.org,State Office,~100000 players,Midwest flagship YSA,Bartlett IL HQ,+1 630 736 0561
Washington Youth Soccer,youth-association-state-or-regional,USA,Washington,https://www.washingtonyouthsoccer.org/,info@washingtonyouthsoccer.org,State Office,~70000 players,Pacific NW YSA with strong indoor + Latino communities,(unverified) inferred email; Tukwila WA,
Soccer Shots,coaching-business,USA,National + global,https://www.soccershots.com/,info@soccershots.org,National Office,~600000 kids per year across 250+ franchises,Largest preschool soccer franchise in USA; parents of every single kid get weekly email = enormous WC2026 multiplier,HQ Hershey PA,+1 717 715 0034
Lil Kickers,coaching-business,USA,National,https://www.lilkickers.com/,info@lilkickers.com,National Office,~250000 kids per year,Preschool soccer franchise across 30+ states; affluent parent base,HQ Bellevue WA; (unverified) inferred email,
Super Soccer Stars,coaching-business,USA,National,https://supersoccerstars.com/,info@supersoccerstars.com,National Office,~150000 kids per year,Major USA preschool + youth soccer brand,HQ NYC + LA,+1 212 877 7171
TOCA Soccer Academy,coaching-business,USA,National,https://tocasoccer.com/,info@tocasoccer.com,National Office,~50000 members across 15+ centers,Eddie Lewis-founded indoor soccer chain with technology-driven training and parent membership model,HQ Costa Mesa CA,+1 949 783 6510
Inter Miami CF Academy Programmes,club-academy,USA,Florida,https://www.intermiamicf.com/academy,academy@intermiamicf.com,Academy Office,~250 academy + 2000 in development tiers,Messi-led Inter Miami runs academy and development tiers; biggest WC2026 brand magnet in USA youth football,(unverified) inferred email; Fort Lauderdale,+1 954 715 4242
LA Galaxy Academy,club-academy,USA,California,https://www.lagalaxy.com/academy,academy@lagalaxy.com,Academy Office,~150 boys + 1500 development,LA Galaxy MLS academy with deep SoCal parent base,(unverified) inferred email; Carson CA,+1 877 342 5299
NYCFC Youth Programmes,club-academy,USA,New York,https://www.nycfc.com/community/youth,community@nycfc.com,Community Office,~5000 kids per year via Five Boroughs,Man City-owned NYCFC reaches every borough; huge multicultural parent base,(unverified) inferred email; NYCFC HQ,
Atlanta United Academy,club-academy,USA,Georgia,https://www.atlutd.com/academy,academy@atlutd.com,Academy Office,~150 boys + 1000 development,MLS academy with the biggest fanbase in MLS history; Latino family audience,(unverified) inferred email; Marietta GA training ground,+1 470 341 1500
Street Soccer USA,charity-football-org,USA,National,https://streetsoccerusa.org/,info@streetsoccerusa.org,National Office,~20000 players + families,Sport-for-good org reaching homeless and at-risk families through street soccer; high earned-media reach,HQ NYC; phone confirmed,+1 415 530 1112
Soccer Without Borders,charity-football-org,USA,Multi-country,https://www.soccerwithoutborders.org/,info@soccerwithoutborders.org,Programme Office,~3500 youth across US + Nicaragua + Uganda,Refugee + immigrant youth soccer charity with strong parent engagement,HQ Oakland CA,+1 510 519 1481
America SCORES,charity-football-org,USA,National,https://www.americascores.org/,info@americascores.org,National Office,~15000 youth across 12 cities,After-school soccer + poetry + service charity in 12 US cities,HQ NYC,+1 212 868 4090
Beyond Sport (US programmes),charity-football-org,USA,National,https://www.beyondsport.org/,info@beyondsport.org,Office,~100k+ globally,Sport-for-good network with high foundation-level US engagement,(unverified) inferred email; HQ NYC + London,
Coerver Coaching USA,coaching-business,USA,National,https://coerverusa.com/,coerverusa@coerver.com,National Office,~25000 kids per year,Major USA franchise of the global Coerver brand; parent mailing list nationwide,HQ Bayside NY,+1 718 423 6262
Real Madrid Foundation Camps USA,holiday-camp-operator,USA,National,https://www.realmadridfoundationclinics.com/,info@realmadridfoundationclinics.com,Programme Office,~10000 kids per year USA,Real Madrid-branded paid camps across US cities; affluent Spanish-speaking parent base,(unverified) inferred email; HQ via partner Soccer Inc,
Barca Academy Pro USA,club-academy,USA,Multi-state,https://barcaacademy.com/,info@barcaacademy.com,Academy Office,~1500 kids USA,FC Barcelona-branded academies in Arizona Florida New York; affluent parent base,HQ Phoenix; (unverified),
Beestera Football Academy,independent-academy,USA,Florida,https://beesterafootballacademy.com/,info@beesterafootballacademy.com,Founder Office,~400 kids per year,Independent Miami academy with Latino + WC2026 angle,(unverified) inferred email,
PSG Academy USA,club-academy,USA,Multi-state,https://psgacademyusa.com/,info@psgacademyusa.com,Programme Office,~2000 kids per year,Paris Saint-Germain-branded camps in US + LATAM; affluent + Francophone parent base,(unverified) inferred email,
Bayern Munich World Squad / Camps (USA),club-academy,USA,Multi-state,https://www.fcbayern.com/en/club/youth/international-academy,academy@fcb.de,Academy Office,~1500 kids USA per year,FC Bayern-branded summer camps US; large Bavarian-heritage and German-fan parent base,(unverified) inferred email; routes via FCB Munich,
Soccer.com Camps (Eurosport),holiday-camp-operator,USA,National,https://www.soccer.com/camps,camps@soccer.com,Programme Office,~30000 kids per year,National holiday-camp operator with massive email database via Soccer.com retail,(unverified) inferred email,
Challenger Sports International Soccer Camps,holiday-camp-operator,USA,National,https://www.challengersports.com/,info@challengersports.com,National Office,~150000 kids per year,Massive holiday camp operator running British Soccer Camp across all 50 states; parent mailing list dwarfs MLS,HQ Lenexa KS,+1 800 878 2167
UK Elite Soccer Camps,holiday-camp-operator,USA,National,https://ukelite.com/,info@ukelite.com,National Office,~25000 kids per year,UK-coach-staffed holiday camps across US,Conshohocken PA HQ,+1 866 822 5483
Canada Soccer Youth (Canada Soccer),youth-association-national,Canada,National,https://www.canadasoccer.com/,info@canadasoccer.com,General Office,~1M registered players,Canada Soccer governs all youth football in Canada; the unifying multiplier for WC2026 co-host,HQ Ottawa,+1 613 237 7678
Ontario Soccer,youth-association-state-or-regional,Canada,Ontario,https://www.ontariosoccer.net/,info@ontariosoccer.net,Provincial Office,~380000 registered members,Biggest provincial association in Canada by far; mix of Italian Portuguese South Asian Latino parent communities,HQ Vaughan ON,+1 905 264 9390
Quebec Soccer Federation,youth-association-state-or-regional,Canada,Quebec,https://federation-soccer.qc.ca/,info@federation-soccer.qc.ca,Provincial Office,~170000 players,Quebec biggest provincial soccer body; Francophone parent base,Montreal HQ,+1 514 252 3025
BC Soccer Association,youth-association-state-or-regional,Canada,British Columbia,https://www.bcsoccer.net/,info@bcsoccer.net,Provincial Office,~150000 players,BC provincial body; Vancouver Whitecaps catchment,Burnaby HQ,+1 604 299 6401
Alberta Soccer Association,youth-association-state-or-regional,Canada,Alberta,https://www.albertasoccer.com/,info@albertasoccer.com,Provincial Office,~52000 players,Alberta provincial body covering Calgary + Edmonton,HQ Edmonton,+1 780 474 2200
Manitoba Soccer Association,youth-association-state-or-regional,Canada,Manitoba,https://www.manitobasoccer.ca/,office@manitobasoccer.ca,Provincial Office,~15000 players,Manitoba provincial body,Winnipeg HQ,+1 204 925 5763
Saskatchewan Soccer Association,youth-association-state-or-regional,Canada,Saskatchewan,https://www.sasksoccer.com/,office@sasksoccer.com,Provincial Office,~13000 players,Saskatchewan provincial body,Saskatoon HQ,+1 306 975 0875
Nova Scotia Soccer,youth-association-state-or-regional,Canada,Nova Scotia,https://www.soccerns.ns.ca/,office@soccerns.ns.ca,Provincial Office,~25000 players,Atlantic Canada flagship,Halifax HQ,+1 902 466 5990
Soccer New Brunswick,youth-association-state-or-regional,Canada,New Brunswick,https://www.soccernb.org/,info@soccernb.org,Provincial Office,~10000 players,New Brunswick provincial,Fredericton HQ,+1 506 453 0875
Newfoundland Soccer Association,youth-association-state-or-regional,Canada,Newfoundland,https://nlsa.ca/,office@nlsa.ca,Provincial Office,~10000 players,Newfoundland and Labrador provincial,St John's HQ,+1 709 576 7656
PEI Soccer Association,youth-association-state-or-regional,Canada,PEI,https://www.peisoccer.com/,info@peisoccer.com,Provincial Office,~3500 players,PEI provincial,Charlottetown HQ,+1 902 368 4110
U Sports Soccer,university-soccer-program,Canada,National,https://usports.ca/en/sports/soccer,info@usports.ca,General Office,~50 universities ~2500 players,Governs Canadian university soccer; Canadian uni parent network for WC2026,HQ Richmond Hill ON,+1 866 622 9326
Toronto FC Academy + Camps,club-academy,Canada,Ontario,https://www.torontofc.ca/academy,academy@torontofc.ca,Academy Office,~250 academy + ~5000 camps,MLS academy + branded camps in Toronto and GTA; biggest Canadian youth football brand,(unverified) inferred email,+1 416 360 4625
Vancouver Whitecaps Academy + Residency,club-academy,Canada,British Columbia,https://www.whitecapsfc.com/academy/,academy@whitecapsfc.com,Academy Office,~120 residency + ~3000 community,Whitecaps academy and residency programme; affluent parent base,(unverified) inferred email,+1 604 669 9283
CF Montreal Academy,club-academy,Canada,Quebec,https://www.cfmontreal.com/academy,academy@cfmontreal.com,Academy Office,~150 academy + 2000 development,MLS academy with deep Quebec youth football parent network,(unverified) inferred email,+1 514 328 3668
Coerver Coaching Canada,coaching-business,Canada,National,https://coerver.ca/,info@coerver.ca,National Office,~8000 kids per year,Canada master franchise of global Coerver brand,(unverified) inferred email,
Soccer 4 All (Maple Leaf Soccer),coaching-business,Canada,Ontario,https://soccer4all.ca/,info@soccer4all.ca,Office,~3000 kids per year,Ontario inclusive youth soccer programme,(unverified) inferred email,
Soccer Without Boundaries Canada,charity-football-org,Canada,Ontario + BC,https://soccerwithoutboundaries.com/,info@soccerwithoutboundaries.com,Office,~2000 youth per year,Inclusive low-cost youth soccer in Canada,(unverified) inferred email,
CBF Academy / Núcleo de Base,youth-association-national,Brazil,National,https://www.cbf.com.br/a-cbf/cbf-academy,cbfacademy@cbf.com.br,Coordenação,~200 base coaches per cohort,CBF coach + academy education arm reaches every coach in Brazil through CBF Academy; WC2026 + Seleção angle is overwhelming in Brazil,Rio HQ; (unverified) inferred email,+55 21 3572 1900
CBF Selecoes de Base (Sub-15 a Sub-23),youth-association-national,Brazil,National,https://www.cbf.com.br/selecao-brasileira-de-base,selecoesdebase@cbf.com.br,Coordenação,All Selecoes de Base squads,Brazilian youth national-team programme; partnering with CBF base coordination opens entire youth scouting pyramid,(unverified) inferred email,+55 21 3572 1900
Federação Paulista de Futebol Sub-Categorias,youth-association-state-or-regional,Brazil,São Paulo,https://www.fpf.org.br/competicoes/sub-15-e-sub-17,base@fpf.org.br,Direção de Competições de Base,~700 clubs with youth squads,FPF runs Copa SP de Futebol Junior the biggest youth tournament in world football; whole-state pyramid in one yes,(unverified) inferred email; HQ Barra Funda SP,+55 11 94135 8669
Federação Mineira de Futebol Base,youth-association-state-or-regional,Brazil,Minas Gerais,http://fmf.com.br/,base@fmf.com.br,Coordenação de Base,~500 clubs with youth squads,Minas Gerais youth pyramid; Atlético Mineiro + Cruzeiro base programmes feed in,(unverified) inferred email,+55 31 3071 7188
Federação Carioca de Futebol Base,youth-association-state-or-regional,Brazil,Rio de Janeiro,https://www.fferj.com.br/,base@fferj.com.br,Coordenação de Base,~300 clubs with youth squads,Rio youth pyramid; Flamengo + Fluminense + Vasco + Botafogo base academies feed in,(unverified) inferred email,
Confederação Brasileira de Desporto Escolar (CBDE),school-soccer-program,Brazil,National,https://www.cbde.org.br/,cbde@cbde.org.br,Secretaria,~12000 schools,Brazil school sports governing body; runs Jogos Escolares Brasileiros where football is biggest sport,Brasília HQ,+55 61 3328 0289
CBF Confederação Brasileira de Futebol Universitário (CBFU),university-soccer-program,Brazil,National,https://www.cbfu.org.br/,contato@cbfu.org.br,Secretaria,~250 universities,Brazil university football governing body; runs Liga de Futebol Universitário,(unverified) inferred email; São Paulo HQ,
Centro de Treinamento Joaquim Grava (Corinthians Base),club-academy,Brazil,São Paulo,https://www.corinthians.com.br/futebol/categorias-de-base,base@corinthians.com.br,Coordenação de Base,~250 kids in base + 5000 outreach,Corinthians base academy in São Paulo; one of biggest fan bases in football world,(unverified) inferred email; CT Joaquim Grava,+55 11 2095 3000
Cidade do Galo (Atlético Mineiro Base),club-academy,Brazil,Minas Gerais,https://www.atletico.com.br/categorias-de-base,base@atletico.com.br,Coordenação de Base,~200 kids in base + 2000 outreach,Atlético Mineiro base academy in Vespasiano MG,(unverified) inferred email,+55 31 2105 5500
Toca da Raposa (Cruzeiro Base),club-academy,Brazil,Minas Gerais,https://www.cruzeiro.com.br/categorias-de-base,base@cruzeiro.com.br,Coordenação de Base,~180 kids in base + 2000 outreach,Cruzeiro base academy in MG,(unverified) inferred email,
Ninho do Urubu (Flamengo Base),club-academy,Brazil,Rio de Janeiro,https://www.flamengo.com.br/categorias-de-base,base@flamengo.com.br,Coordenação de Base,~200 kids in base + 6000 outreach,Flamengo base + Escolinhas do Flamengo across Brazil + global; biggest fan base in Brazil,(unverified) inferred email; Ninho do Urubu Rio,
Escola de Futebol do Flamengo,club-academy,Brazil,National + global,https://www.escoladofutebol.com.br/,contato@escoladofutebol.com.br,Coordenação,~25000 kids per year across 200+ units,Franchised Flamengo football schools in Brazil + abroad; parent mailing list is enormous,(unverified) inferred email,
Cotia (São Paulo FC Base / Escolinhas),club-academy,Brazil,São Paulo,https://www.saopaulofc.net/categorias-de-base,base@saopaulofc.net,Coordenação,~250 base + ~5000 escolinha,São Paulo FC base academy + escolinhas brand,(unverified) inferred email,
Vila Belmiro Base (Santos FC),club-academy,Brazil,São Paulo,https://www.santosfc.com.br/categorias-de-base,base@santosfc.com.br,Coordenação,~200 base + 5000 escolinha,Santos FC base + Pelé legacy escolinhas,(unverified) inferred email,
Allianz Parque Base (Palmeiras),club-academy,Brazil,São Paulo,https://www.palmeiras.com.br/categorias-de-base,base@palmeiras.com.br,Coordenação,~250 base + ~4000 escolinha,Palmeiras base academy; huge fan family base,(unverified) inferred email,
Grêmio Base (Hélio Dourado),club-academy,Brazil,Rio Grande do Sul,https://www.gremio.net/page/site/Base,base@gremio.net,Coordenação,~180 base + ~3000 escolinha,Grêmio base academy and escolinhas,(unverified) inferred email,
Internacional Base (CT Parque Gigante),club-academy,Brazil,Rio Grande do Sul,https://www.internacional.com.br/categorias-de-base,base@internacional.com.br,Coordenação,~180 base + ~3000 escolinha,Internacional base academy and escolinhas,(unverified) inferred email,
Soccer Talent Academy (Brasil),independent-academy,Brazil,São Paulo,https://www.soccertalentacademy.com.br/,contato@soccertalentacademy.com.br,Direção,~500 kids per year,Independent SP academy with US-college pathway,(unverified) inferred email,
PSG Academy Brasil (Niterói),club-academy,Brazil,Rio de Janeiro,https://psgacademybrasil.com.br/,contato@psgacademybrasil.com.br,Direção,~1500 kids per year,PSG-branded academy in Niterói RJ,(unverified) inferred email,
Common Goal Brasil,charity-football-org,Brazil,National,https://www.common-goal.org/,info@common-goal.org,Communications,~150 player members globally,Common Goal redistributes 1% of player salaries; Brazil chapter with strong Neymar / Marta hooks,HQ Munich + global,
Gol de Letra (Raí + Leonardo),charity-football-org,Brazil,São Paulo,https://goldeletra.org.br/,contato@goldeletra.org.br,Comunicação,~3000 children + families,World Cup winner Raí's charity in SP; high earned-media for any partnership,(unverified) inferred email,+55 11 3853 2227
Atletas pelo Brasil,charity-football-org,Brazil,National,https://www.atletaspelobrasil.org/,contato@atletaspelobrasil.org,Comunicação,~150 athlete signatories,Brazilian athletes-for-good network; football-heavy roster,(unverified) inferred email,
AFA Inferiores (Asociación del Fútbol Argentino),youth-association-national,Argentina,National,https://www.afa.com.ar/inferiores,inferiores@afa.com.ar,Coordinación,~1500 base clubs,AFA Inferiores governs all Argentine youth football; River Boca San Lorenzo Independiente Racing base feed in,(unverified) inferred email; HQ Ezeiza,+54 11 4309 0700
AFA Fútbol Femenino Inferiores,youth-association-national,Argentina,National,https://www.afa.com.ar/femenino,femenino@afa.com.ar,Coordinación,~250 base clubs,Argentine women's youth pyramid,(unverified) inferred email,
AFA Escolar / Confederación Argentina de Deporte Escolar,school-soccer-program,Argentina,National,https://www.argentina.gob.ar/educacion/educacion-fisica,deporte.escolar@educacion.gob.ar,Coordinación,~6500 secondary schools,Argentine school football is governed at federal level; multiplier across every state,(unverified) inferred email; Buenos Aires,
Boca Juniors Escuelas de Fútbol,club-academy,Argentina,National + global,https://www.bocajuniors.com.ar/futbol/inferiores,escuelas@bocajuniors.com.ar,Coordinación,~30000 kids per year across 80+ branches,Boca Juniors-branded football schools across Argentina and overseas; massive global fan family base,(unverified) inferred email,+54 11 5777 1500
River Plate Escuelas de Fútbol,club-academy,Argentina,National + global,https://www.cariverplate.com.ar/escuelas-de-futbol,escuelas@cariverplate.com.ar,Coordinación,~25000 kids per year across 70+ branches,River Plate-branded football schools across Argentina; biggest rival to Boca,(unverified) inferred email,+54 11 4789 1200
San Lorenzo Inferiores,club-academy,Argentina,National,https://www.sanlorenzo.com.ar/futbol/inferiores,inferiores@sanlorenzo.com.ar,Coordinación,~1500 kids in inferiores,San Lorenzo youth + Pope Francis fan base,(unverified) inferred email,
Independiente Inferiores,club-academy,Argentina,Buenos Aires,https://www.clubaindependiente.com/futbol/inferiores,inferiores@clubaindependiente.com,Coordinación,~1500 kids in inferiores,Independiente youth pyramid,(unverified) inferred email,
Racing Club Inferiores,club-academy,Argentina,Buenos Aires,https://www.racingclub.com.ar/futbol/inferiores,inferiores@racingclub.com.ar,Coordinación,~1500 kids in inferiores,Racing youth pyramid,(unverified) inferred email,
PSG Academy Argentina,club-academy,Argentina,Buenos Aires,https://psgacademyargentina.com/,info@psgacademyargentina.com,Office,~1500 kids per year,PSG-branded academy in BA; Messi + Mbappé hook for WC2026,(unverified) inferred email,
Common Goal Argentina,charity-football-org,Argentina,National,https://www.common-goal.org/,info@common-goal.org,Communications,~10 Argentine player members,Common Goal player-led charity with Argentinian footballer signatories,HQ Munich + global,
Fundación Messi,charity-football-org,Argentina,National + global,https://www.fundacionleomessi.org/,info@fundacionleomessi.org,Office,~1.5M children supported,Messi family foundation focused on children's healthcare and education; WC2026 + Messi narrative alignment is unique,(unverified) inferred email; Rosario,
Fútbol Para Todos / Argentina Universitario (UNDAV + UBA),university-soccer-program,Argentina,National,https://uba.ar/deportes,deportes@uba.ar,Coordinación,~30 universities,Universidades públicas argentinas runs uni football leagues; UBA flagship,(unverified) inferred email,
FPF Sub-15 / Sub-17 / Sub-19,youth-association-national,Portugal,National,https://www.fpf.pt/pt/Selecoes/Selecoes-de-formacao,base@fpf.pt,Coordenação,~200 base clubs,Federação Portuguesa Futebol youth national-team pathway; Cristiano Ronaldo halo,(unverified) inferred email; Cidade do Futebol Oeiras,+351 213 252 700
Benfica Campus / Escolas de Futebol,club-academy,Portugal,National + global,https://www.slbenfica.pt/pt-pt/futebol-formacao,escolas@slbenfica.pt,Coordenação Escolas,~50000 kids per year across 250+ academies worldwide,Benfica is the world's biggest grassroots football school operator with academies on every continent; parent mailing list is colossal,(unverified) inferred email; HQ Lisbon,+351 217 219 500
Sporting CP Academia / Escolas Sporting,club-academy,Portugal,National + global,https://www.sporting.pt/pt/futebol/futebol-formacao,escolas@sporting.pt,Coordenação,~25000 kids per year across 150+ academies,Sporting CP runs world-renowned youth academy + global escolas; Ronaldo Figo Bruno Fernandes alumni,(unverified) inferred email; Alvalade Lisbon,+351 217 516 000
FC Porto Dragon Force,club-academy,Portugal,National + global,https://dragonforce.fcporto.pt/,info@dragonforce.fcporto.pt,Coordenação,~25000 kids per year across 100+ centres,FC Porto-branded football schools with strong parent + family programme,(unverified) inferred email; HQ Porto,+351 225 070 500
SC Braga Cidade Desportiva Escolas,club-academy,Portugal,Braga,https://scbraga.pt/formacao,formacao@scbraga.pt,Coordenação,~2000 kids per year,SC Braga youth academy + escolas,(unverified) inferred email,
Federação Académica do Desporto Universitário (FADU),university-soccer-program,Portugal,National,https://www.fadu.pt/,fadu@fadu.pt,Secretariado,~30 universities,Portugal university sport federation; football is the biggest sport,Lisbon HQ,+351 213 511 500
Associação Nacional de Treinadores de Futebol (ANTF),coaching-business,Portugal,National,https://www.antf.pt/,geral@antf.pt,Direção,~10000 coach members,Portuguese coaches association; member coach reach across every club in Portugal,(unverified) inferred email,
Federación Española de Fútbol Sala Base,youth-association-national,Spain,National,https://rfef.es,futbolsala@rfef.es,Comité Nacional,~2000 base clubs,RFEF Futsal grassroots pyramid; Spanish kids play futsal first,(unverified) inferred email; HQ Las Rozas,+34 914 959 800
La Liga Promises,club-academy,Spain,National + global,https://www.laliga.com/promises,promises@laliga.es,Programme Office,~120 elite young players + ~5000 youth-tournament participants,La Liga-run U-12 international tournament + brand; ideal WC2026 lead-in,(unverified) inferred email,
FC Barcelona La Masia + Camp Nou Experiences,club-academy,Spain,Catalonia,https://www.fcbarcelona.com/en/football/la-masia,masia@fcbarcelona.com,Coordinación,~300 La Masia + ~5000 Barça Academy worldwide,Barça La Masia and Barça Academy global school programme; affluent + Catalan family audience,(unverified) inferred email; HQ Barcelona,+34 902 189 900
FC Barcelona Escola,club-academy,Spain,National + global,https://www.fcbarcelona.com/en/club/fcbescola,fcbescola@fcbarcelona.com,Coordinación,~25000 kids per year across 50+ schools,FCBEscola franchised football schools in Spain + worldwide,(unverified) inferred email,+34 902 189 900
Real Madrid Foundation Sociodeportiva,charity-football-org,Spain,National + global,https://www.realmadrid.com/en/about-real-madrid/foundation,fundacion@realmadrid.com,Director,~85000 children across 320+ schools in 95 countries,Real Madrid Foundation sociodeportiva schools reach 85k kids worldwide; biggest single multiplier in football,Confirmed contacts on site; HQ Madrid,+34 915 821 800
Atlético de Madrid Academy / Escuela,club-academy,Spain,National + global,https://www.atleticodemadrid.com/academy,academy@atleticodemadrid.com,Coordinación,~15000 kids per year,Atlético-branded academies in Spain + global; family programme integral,(unverified) inferred email,+34 913 661 947
Sevilla FC Escuela,club-academy,Spain,Andalusia,https://www.sevillafc.es/cantera,cantera@sevillafc.es,Coordinación,~2000 kids per year,Sevilla youth + escuelas in Andalusia,(unverified) inferred email,
Valencia CF Escuela,club-academy,Spain,Valencia,https://www.valenciacf.com/cantera,cantera@valenciacf.com,Coordinación,~1500 kids per year,Valencia youth + escuelas,(unverified) inferred email,
Real Sociedad Zubieta + Escolas,club-academy,Spain,Basque Country,https://www.realsociedad.eus/cantera,cantera@realsociedad.eus,Coordinación,~1500 kids per year,Real Sociedad academy with strong cantera identity,(unverified) inferred email,
Athletic Bilbao Lezama,club-academy,Spain,Basque Country,https://www.athletic-club.eus/cantera,cantera@athletic-club.eus,Coordinación,~1500 kids in cantera,Athletic Bilbao Basque-only cantera; tight community + family base,(unverified) inferred email,
Common Goal España,charity-football-org,Spain,National,https://www.common-goal.org/,info@common-goal.org,Communications,~30 Spanish player members,Common Goal Spain has Spanish player signatories including Juan Mata Andrés Iniesta,HQ Munich + global,
Comité Español de Deporte Universitario (CEDU),university-soccer-program,Spain,National,https://www.cedu.es/,info@cedu.es,Secretaría,~70 universities,Spain university sport federation; football flagship sport,(unverified) inferred email,
DFB Juniorenmannschaften (U15 to U21),youth-association-national,Germany,National,https://www.dfb.de/juniorinnen-junioren/,juniorinnen-junioren@dfb.de,Bereichsleitung,Junior national pathway,DFB youth national-team pathway; one signal opens DFB youth coach network nationwide,(unverified) inferred email; HQ Frankfurt,+49 69 6788 0
DFB Junioren Verbände + Landesverbände Talent,youth-association-state-or-regional,Germany,National,https://www.dfb.de/talente,talente@dfb.de,Bereichsleitung,~366 DFB Stützpunkte ~16000 kids per year,DFB Talentförderung Stützpunkt programme reaches every region; ideal WC2026 family multiplier,(unverified) inferred email,
Bayern Munich FC Bayern World Squad / Junior Team,club-academy,Germany,National + global,https://www.fcbayern.com/en/club/youth/junior-team,jugend@fcb.de,Coordination,~200 elite + 8000 across Junior Programme,FC Bayern Munich youth squads + Junior Team international programme; massive global fan family base,(unverified) inferred email,+49 89 699 31 0
Borussia Dortmund Jugend / BVB Evonik Fußballschule,club-academy,Germany,National + global,https://www.bvb.de/jugend,jugend@bvb.de,Koordination,~120 kids elite + 25000 across Fußballschule camps,BVB Evonik Fußballschule reaches 25k kids across Germany and beyond; massive parent family base,(unverified) inferred email,+49 231 902 0
RB Leipzig Akademie + Camps,club-academy,Germany,Saxony,https://www.rbleipzig.com/en/akademie,akademie@redbullsoccer.com,Coordination,~150 academy + 5000 camp,RB Leipzig academy + Red Bull-backed youth camps,(unverified) inferred email,
Bayer 04 Leverkusen Nachwuchs,club-academy,Germany,North Rhine-Westphalia,https://www.bayer04.de/en/akademie,akademie@bayer04.de,Coordination,~200 academy + 3000 camp,Bayer Leverkusen youth + camps,(unverified) inferred email,
Eintracht Frankfurt Akademie + Eintracht Fußballschule,club-academy,Germany,Hesse,https://eintracht.de/akademie,akademie@eintracht.de,Coordination,~200 + 5000 across camps,Eintracht youth + Fußballschule programmes; growing post-Europa-League family base,(unverified) inferred email,
Allgemeiner Deutscher Hochschulsportverband (adh) Fußball,university-soccer-program,Germany,National,https://www.adh.de/sportarten/fussball/,info@adh.de,Geschäftsstelle,~200 universities,Germany university sport federation; football is the biggest sport,(unverified) inferred email; Darmstadt,
Common Goal Germany,charity-football-org,Germany,National,https://www.common-goal.org/,info@common-goal.org,Communications,~25 German player members,Common Goal HQ is in Germany (Munich); German player signatories include Mats Hummels,HQ Munich,
Footbao Streetfootball Welt,charity-football-org,Germany,National + global,https://www.streetfootballworld.org/,info@streetfootballworld.org,Office,~250 NGO members in 90 countries,Sport-for-good network HQ in Berlin; football-positive narrative,Berlin HQ,+49 30 7800 6111
FFF Pôle Espoirs + Sections Sportives,youth-association-national,France,National,https://www.fff.fr/equipes-de-france/jeunes,jeunes@fff.fr,Direction Technique Nationale,~150 Pôles Espoirs ~1700 kids per year,FFF youth pathway through Pôles Espoirs + Sections Sportives in schools; Mbappé Camavinga alumni hook,(unverified) inferred email; HQ Paris,+33 1 44 31 73 00
FFF Foot à l'École / Foot des Princesses,school-soccer-program,France,National,https://www.fff.fr/article/16-foot-a-l-ecole.html,footalecole@fff.fr,Coordination,~5000 schools,FFF + Ministère Éducation Nationale schools football programme; nationwide reach,(unverified) inferred email,
PSG Academy France + Centre de Formation,club-academy,France,National + global,https://psgacademy.com/,academy@psg.fr,Coordination,~50 elite + 8000 across academies global,PSG academy + global PSG Academy network in 25+ countries; the WC2026 + Mbappé halo,(unverified) inferred email,+33 1 47 43 71 00
OL Olympique Lyonnais Académie + OL Camps,club-academy,France,Auvergne-Rhône-Alpes,https://www.ol.fr/fr/academie,academie@ol.fr,Coordination,~200 academy + 5000 OL Camps,Olympique Lyonnais academy + holiday camps; women's football leader hook,(unverified) inferred email,+33 4 81 07 55 00
Olympique de Marseille Centre de Formation + OM Camps,club-academy,France,Provence,https://www.om.fr/fr/centre-de-formation,academie@om.fr,Coordination,~200 academy + 4000 OM Camps,OM youth + holiday camps; Marseille fan base is one of the most engaged in football,(unverified) inferred email,+33 4 91 76 56 09
AS Monaco Academy + Camps,club-academy,France,Monaco,https://www.asmonaco.com/fr/academie,academie@asmonaco.com,Coordination,~150 academy + 2000 camps,Monaco youth + camps; Mbappé alumni hook,(unverified) inferred email,
Stade Rennais Centre de Formation,club-academy,France,Brittany,https://staderennais.com/fr/formation,formation@staderennais.com,Coordination,~200 academy,Stade Rennais youth + camps,(unverified) inferred email,
Fédération Française du Sport Universitaire (FFSU),university-soccer-program,France,National,https://sport-u.com/,contact@sport-u.com,Secrétariat,~150 universities,France university sport federation; football biggest sport,(unverified) inferred email,
Sport dans la Ville,charity-football-org,France,National,https://www.sportdanslaville.com/,contact@sportdanslaville.com,Communication,~9000 youth per year,Football-led youth-development charity in deprived French neighbourhoods,Lyon HQ,+33 4 72 60 39 33
FIGC Settore Giovanile e Scolastico,youth-association-national,Italy,National,https://www.figc.it/it/giovani/,sgs@figc.it,Direzione,~700000 youth players + 8000 schools,FIGC youth + schools sector; the entire Italian youth football pyramid in one yes,(unverified) inferred email; HQ Rome,+39 06 84911
FIGC Calcio Femminile Giovanile,youth-association-national,Italy,National,https://www.figc.it/it/femminile/,femminile@figc.it,Direzione,~25000 youth girls,FIGC women's youth pyramid,(unverified) inferred email,
Inter Milan Academy + Camp,club-academy,Italy,National + global,https://www.inter.it/en/academy,academy@inter.it,Coordination,~10000 kids across global academies,Inter Milan-branded global academies + summer camps; affluent + Asian family audiences,(unverified) inferred email,+39 02 4661 6111
AC Milan Academy + Junior Camp,club-academy,Italy,National + global,https://www.acmilan.com/en/academy,academy@acmilan.com,Coordination,~12000 kids per year across academies + camps,AC Milan-branded global academies + Junior Camp; global parent base,(unverified) inferred email,+39 02 6228 4567
Juventus Academy + JTC Camps,club-academy,Italy,National + global,https://www.juventus.com/en/academy/,academy@juventus.com,Coordination,~13000 kids per year across 70+ academies,Juventus-branded academies in 60+ countries; biggest Italian football brand globally,(unverified) inferred email,+39 011 6563 538
AS Roma Academy + Camp,club-academy,Italy,Lazio + Global,https://www.asroma.com/en/academy,academy@asroma.com,Coordination,~5000 kids per year,AS Roma-branded academies + summer camps,(unverified) inferred email,+39 06 5010 6113
Napoli Junior Camp + Academy,club-academy,Italy,Campania + Global,https://www.sscnapoli.it/junior-camp,academy@sscnapoli.it,Coordination,~3000 kids per year,Napoli Junior Camp + global academies,(unverified) inferred email,+39 081 5384300
Italian Soccer Camps (Inter / Juventus / AC Milan partner),holiday-camp-operator,Italy,National,https://www.italiansoccercamps.com/,info@italiansoccercamps.com,Office,~8000 kids per year,Operator running Italian-football-club-branded holiday camps,(unverified) inferred email,
Centro Universitario Sportivo Italiano (CUSI) Calcio,university-soccer-program,Italy,National,https://www.cusi.it/,segreteria@cusi.it,Segreteria,~50 universities,CUSI governs Italian university sport including calcio,(unverified) inferred email; Rome HQ,
Calcio Insieme (Charity),charity-football-org,Italy,National,https://www.calcioinsieme.it/,info@calcioinsieme.it,Office,~2000 youth,Italian inclusion football charity working with disabled youth,(unverified) inferred email,
KNVB Jeugd / KNVB Academy,youth-association-national,Netherlands,National,https://www.knvb.nl/over-de-knvb/jeugd,jeugd@knvb.nl,Directie,~500000 youth players,KNVB youth + Academy reaches every Dutch youth club + school in NL,(unverified) inferred email; HQ Zeist,+31 343 499 211
Ajax Cape Town Academy + Ajax Academies,club-academy,Netherlands,Global,https://english.ajax.nl/academy/,academy@ajax.nl,Coordination,~5000 kids per year global,Ajax-branded academies in 30+ countries; Cruyff legacy parent base,(unverified) inferred email; Amsterdam HQ,+31 20 311 1444
PSV Eindhoven Academy + PSV Camps,club-academy,Netherlands,Eindhoven,https://www.psv.nl/jeugd.htm,academy@psv.nl,Coordination,~250 academy + 3000 camps,PSV youth academy + camps,(unverified) inferred email,+31 40 250 5500
Feyenoord Academy + Feyenoord Soccer Schools,club-academy,Netherlands,Rotterdam,https://www.feyenoord.nl/academy,academy@feyenoord.nl,Coordination,~250 academy + 4000 schools,Feyenoord youth + Feyenoord Soccer Schools across NL,(unverified) inferred email,+31 10 492 9444
AZ Alkmaar Academy,club-academy,Netherlands,North Holland,https://www.az.nl/jeugd,jeugd@az.nl,Coordination,~200 academy,AZ Alkmaar youth + AZ Camps,(unverified) inferred email,
Studentensport Nederland (SSN) Voetbal,university-soccer-program,Netherlands,National,https://www.studentensport.nl/voetbal,info@studentensport.nl,Office,~15 universities,Dutch student sports federation; voetbal flagship,(unverified) inferred email,
Cruyff Foundation,charity-football-org,Netherlands,National + global,https://www.cruyff-foundation.org/,info@cruyff-foundation.org,Office,~250000 children reached annually,Cruyff Foundation runs Cruyff Courts in 24 countries + School Sport programmes,Amsterdam HQ,+31 20 305 3300
Karim Benzema 9 Foundation,charity-football-org,Netherlands,National,https://www.knvb.nl/over-de-knvb/maatschappelijk,maatschappelijk@knvb.nl,Office,~10000 kids,KNVB social-football programmes,(unverified) inferred email,
FMF Federación Mexicana de Fútbol Categorías Inferiores,youth-association-national,Mexico,National,https://www.miseleccion.mx/categorias-inferiores,inferiores@fmf.org.mx,Coordinación,~120 base clubs in Liga MX + Liga Expansión,FMF youth pathway through Liga MX academy pyramid; WC2026 host nation halo,(unverified) inferred email; HQ Toluca,+52 722 276 7100
FMF Fútbol Femenil Inferiores,youth-association-national,Mexico,National,https://www.miseleccion.mx/femenil,femenil@fmf.org.mx,Coordinación,~20 elite clubs base,Mexican women's youth pyramid,(unverified) inferred email,
Club América Fuerzas Básicas + Academia,club-academy,Mexico,CDMX,https://www.clubamerica.com.mx/fuerzas-basicas,academia@clubamerica.com.mx,Coordinación,~250 fuerzas básicas + 5000 escuelas,Club América-branded academy + escuelas across Mexico; biggest fan base in country,(unverified) inferred email,+52 55 5326 5000
Chivas Guadalajara Fuerzas Básicas + Academia,club-academy,Mexico,Jalisco,https://www.chivasdecorazon.com.mx/fuerzas-basicas,fuerzasbasicas@chivasdecorazon.com.mx,Coordinación,~250 fuerzas básicas + 4000 escuelas,Chivas youth + escuelas; only-Mexican-players identity is unique,(unverified) inferred email,+52 33 3777 7700
Tigres UANL Cantera + Academia,club-academy,Mexico,Nuevo León,https://www.tigres.com.mx/cantera,cantera@tigres.com.mx,Coordinación,~250 cantera + 3000 escuelas,Tigres youth + escuelas in Monterrey area,(unverified) inferred email,
CF Monterrey Rayados Cantera + Academia,club-academy,Mexico,Nuevo León,https://www.rayados.com/cantera,cantera@rayados.com,Coordinación,~250 cantera + 3000 escuelas,Rayados youth + escuelas,(unverified) inferred email,
Cruz Azul Cantera + Academia,club-academy,Mexico,CDMX,https://www.cruzazul.com.mx/cantera,cantera@cruzazul.com.mx,Coordinación,~250 cantera + 2500 escuelas,Cruz Azul youth + escuelas,(unverified) inferred email,
Pumas UNAM Cantera + Academia,club-academy,Mexico,CDMX,https://www.pumas.mx/cantera,cantera@pumas.mx,Coordinación,~250 cantera + 2000 escuelas,Pumas youth + escuelas tied to UNAM university,(unverified) inferred email,
CONDDE / CONADEIP Fútbol Universitario,university-soccer-program,Mexico,National,https://condde.org.mx/,condde@condde.org.mx,Secretaría,~80 universities,Mexico university sport federation; football biggest sport,(unverified) inferred email,
PSG Academy México,club-academy,Mexico,National,https://psgacademymexico.com/,info@psgacademymexico.com,Office,~1500 kids per year,PSG-branded academy network in Mexico,(unverified) inferred email,
Common Goal México,charity-football-org,Mexico,National,https://www.common-goal.org/,info@common-goal.org,Communications,~10 Mexican player members,Common Goal Mexican chapter; Hirving Lozano + others,HQ Munich,
Fundación Hugo Sánchez,charity-football-org,Mexico,National,https://www.fundacionhugosanchez.org/,contacto@fundacionhugosanchez.org,Office,~3000 kids per year,Hugo Sánchez foundation runs youth football programmes; WC1986 + WC2026 narrative goldmine,(unverified) inferred email,
Street Soccer México,charity-football-org,Mexico,National,https://streetsoccermexico.org/,info@streetsoccermexico.org,Office,~5000 youth per year,Inclusion football for marginalised youth in Mexico,(unverified) inferred email,
