name,medium,country,language,audience_size,website,best_contact_email,best_contact_role,why_target,notes,handle
Football Weekly (Guardian),podcast,UK,en,~1M weekly downloads,https://www.theguardian.com/football/series/footballweekly,sport@theguardian.com,Sports Desk,"Flagship Guardian football podcast hosted by Max Rushden; massive WC audience and runs daily during tournaments","Estimate from Guardian audio reports; parent Guardian Media Group; ad-supported + Guardian membership",@FootballWeekly
Stick to Football,podcast,UK,en,~2M weekly downloads,https://thestickpod.com/,info@thestickpod.com,Production Office,"Gary Neville Roy Keane Jamie Carragher Ian Wright Jill Scott - huge personality-led pod; ran branded prediction segments before","Estimate from public Spotify/YT chart positions; produced by Overlap/Sky; brand-funded with sponsors",@StickPodOfficial
The Overlap,youtube,UK,en,~1.8M YT subs,https://www.youtube.com/@TheOverlap,(via YouTube About page),Channel Owner,"Gary Neville long-form Premier League content; cross-promotes with Stick to Football; brand-friendly","Verified YT subscriber count; Sky/Buzz16 production; ad + brand partnership",@TheOverlap
The Rest is Football,podcast,UK,en,~3M weekly downloads,https://goalhanger.com/,info@goalhangerpodcasts.com,Goalhanger Office,"Gary Lineker Alan Shearer Micah Richards - UK number one football podcast; daily during major tournaments","Estimate from Goalhanger public reporting; Goalhanger Podcasts; ad-supported with multi-brand partners",@restisfootball
That Peter Crouch Podcast,podcast,UK,en,~500k weekly downloads,https://www.acast.com/thatpetercrouchpodcast,podcasts@acast.com,Acast Office,"Mainstream-comedy football audience; Peter Crouch has run brand campaigns; light-touch fit for prediction game","Estimate from Acast charts; Acast network; ad-supported with brand reads",@petercrouchpod
Football Daily (BBC 5 Live),podcast,UK,en,~700k weekly listens,https://www.bbc.co.uk/programmes/p02nrss1,5live.football@bbc.co.uk,Producer,"Daily BBC football coverage; tied to BBC live rights; cannot run sponsored prediction pools but excellent for editorial","BBC public-service; no paid promotion but great press route; via 5 Live general contact form",@5liveSport
Tifo Football,youtube,UK,en,~700k YT subs,https://www.youtube.com/@TifoFootball,hello@tifofootball.com,Editorial Office,"Analytical football explainers under The Athletic; perfect for explainer about WC2026 format expansion","Verified YT subs; owned by The Athletic/NYT; subscription + ad",@TifoFootball
The Athletic FC Podcast,podcast,UK,en,~400k weekly downloads,https://theathletic.com/podcasts/,podcasts@theathletic.com,Podcast Editorial,"Premium football analysis pod; Adam Hurrey hosts Football Cliches under same umbrella","Estimate from Athletic reporting; The Athletic/NYT; subscription-funded",@TheAthleticFC
Football Cliches,podcast,UK,en,~300k weekly downloads,https://theathletic.com/podcasts/,podcasts@theathletic.com,Adam Hurrey,"Adam Hurrey + David Walker + Charlie Eccleshare - cult fan audience; trivia-flavoured prediction angle is on-brand","Estimate from Athletic charts; The Athletic; subscription",@FootballCliches
talkSPORT,traditional-broadcast,UK,en,~3.2M weekly listeners,https://talksport.com/,studio@talksport.com,News Desk,"UK number one commercial football station; runs branded competitions constantly; brand-friendly","RAJAR Q4 2025; News UK; advertising-funded",@talkSPORT
AFTV (Arsenal Fan TV),youtube,UK,en,~1.6M YT subs,https://www.youtube.com/@AFTVMedia,info@aftv.co.uk,Robbie Lyle Office,"Arsenal-focused but covers all big games; ran sponsored prediction segments with bet brands; Robbie Lyle entrepreneur-friendly","Verified YT subs; AFTV Media; ad + sponsorship",@AFTVMedia
The United Stand,youtube,UK,en,~1.5M YT subs,https://www.youtube.com/@TheUnitedStand,info@theunitedstand.com,Mark Goldbridge,"Man United live reactions; one of UK's biggest match-night football channels; brand-active host","Verified YT subs; The United Stand Media; ad + sponsorship",@TheUnitedStand
Redmen TV,youtube,UK,en,~400k YT subs,https://www.youtube.com/@RedmenTV,info@theredmentv.com,Production Office,"Liverpool fan channel; runs live shows match-days; brand-friendly with prior bookmaker tie-ups","Verified YT subs; Redmen Media; ad + brand partnerships",@RedmenTV
NUFC Matters,youtube,UK,en,~70k YT subs,https://www.youtube.com/@NUFCMattersOfficial,nufcmatters@gmail.com,Steve Wraith,"Newcastle United fan channel; growing fast post-takeover; receptive to partnerships","Verified YT subs; independent; ad-supported",@NUFCMatters
Spurs Web,youtube,UK,en,~100k YT subs,https://www.youtube.com/@spurswebofficial,info@spurs-web.com,Production Office,"Spurs fan channel and website with podcast and live reactions","Verified YT subs; independent; ad + sponsorship",@spurswebofficial
The Chels,youtube,UK,en,~120k YT subs,https://www.youtube.com/@TheChelsOfficial,(via YouTube About page),Channel Owner,"Chelsea fan channel with live match reactions; podcast-style","Verified YT subs; independent; ad-supported",@TheChelsOfficial
Footballia,youtube,UK,en,~600k YT subs,https://www.youtube.com/@footballia,contact@footballia.net,Editorial Office,"Classic full-match archive channel; massive nostalgia audience; cross-language appeal","Verified YT subs; Footballia SL; ad-supported",@footballia
COPA90,youtube,UK,en,~1.7M YT subs,https://www.youtube.com/@COPA90,hello@copa90.com,Editorial Office,"Long-running global football culture brand; runs WC documentary content","Verified YT subs; COPA90 Sports Limited; brand partnerships",@COPA90
Squawka,social-twitter,UK,en,~1.1M X followers,https://www.squawka.com/,editor@squawka.com,Editorial Office,"Football data/stats; X-first distribution; ideal for stats-driven prediction content","Follower count from X public; Squawka Limited; ad-supported",@Squawka
The Guardian Sport,traditional-newspaper,UK,en,~120M monthly site visits sport section,https://www.theguardian.com/football,sport@theguardian.com,Football Editor,"Largest football journalism site in UK English; David Hytner Barney Ronay Jonathan Liew","SimilarWeb sport vertical; Guardian Media Group; reader-funded + ad",@guardian_sport
The Athletic FC,traditional-newspaper,UK,en,~1.2M paying subscribers,https://theathletic.com/football/,uksport@theathletic.com,Football Editor,"Premium football journalism; James Pearce David Ornstein Adam Crafton","Subscriber count from NYT earnings; NYT Group; subscription",@TheAthleticFC
FourFourTwo,traditional-newspaper,UK,en,~3M monthly site visits,https://www.fourfourtwo.com/,editor@fourfourtwo.com,Editor-in-Chief,"Long-form football magazine and site; runs annual WC issues; brand-friendly with affiliate","SimilarWeb estimate; Future Publishing; ad + affiliate",@FourFourTwo
BBC Sport (Football),traditional-broadcast,UK,en,~80M weekly UK users,https://www.bbc.com/sport/football,(via BBC Sport contact form),Football Editor,"Largest public-service football outlet; cannot run sponsored pools but biggest editorial reach","BBC Audience figures Q4 2025; BBC public-service",@BBCSport
Sky Sports Football,traditional-broadcast,UK,en,~30M monthly digital reach,https://www.skysports.com/football,skysportsnews@bskyb.com,News Desk,"Pay-TV leader for Premier League and EFL; runs Soccer Saturday Super Sunday","Comscore monthly; Sky Group/Comcast; subscription + ad",@SkySportsNews
Adam Hurrey - Football Cliches Newsletter,substack,UK,en,~40k subscribers,https://adamhurrey.substack.com/,adamhurrey@substack.com,Author,"Wry football trivia newsletter; tone fits a prediction-game launch","Estimate from Substack rankings; Substack; subscription + free tier",@AdamHurrey
The Fence Football,newsletter,UK,en,~30k subscribers,https://thefence.media/football/,hello@thefence.media,Editorial Office,"Smart contemporary football culture writing; younger demographic","Estimate from publisher; The Fence; subscription + ad",@thefencemag
Henry Winter,social-twitter,UK,en,~800k X followers,https://x.com/henrywinter,henry.winter@gmail.com,Author,"Veteran football journalist; ex-Times chief football writer; now freelance; strong distribution power","Follower from X; freelance; (unverified email - public pattern)",@henrywinter
Miguel Delaney,social-twitter,UK,en,~250k X followers,https://x.com/MiguelDelaney,m.delaney@independent.co.uk,Chief Football Writer,"Independent's Chief Football Writer; covers politics of game; pundit on radio","Follower from X; The Independent; advertising-funded outlet",@MiguelDelaney
Daniel Taylor,social-twitter,UK,en,~250k X followers,https://x.com/DTathletic,d.taylor@theathletic.com,Senior Writer,"Senior Athletic writer; investigative and feature work; sets news agenda","Follower from X; The Athletic; subscription",@DTathletic
James Pearce,social-twitter,UK,en,~600k X followers,https://x.com/JamesPearceLFC,j.pearce@theathletic.com,Senior Writer,"Athletic's Liverpool correspondent; one of the biggest single-club journalist accounts in UK","Follower from X; The Athletic; subscription",@JamesPearceLFC
David Ornstein,social-twitter,UK,en,~3.5M X followers,https://x.com/David_Ornstein,d.ornstein@theathletic.com,Senior Writer,"Top transfer-news journalist in UK; pure distribution power for any league-wide piece","Follower from X; The Athletic; subscription",@David_Ornstein
Soccer Bible,social-instagram,UK,en,~3M IG followers,https://www.soccerbible.com/,info@soccerbible.com,Editorial Office,"Football culture media; massive IG distribution for kit/lifestyle content","Follower count from IG public; SoccerBible Ltd; ad + commerce",@soccerbible
433,social-instagram,UK,en,~63M IG followers,https://www.433.com/,contact@433.com,Brand Partnerships,"World's biggest football IG account; runs branded content constantly; very brand-friendly","Follower count from IG public; 433 BV (NL HQ - global English audience); brand partnerships",@433
Mundial Magazine,social-instagram,UK,en,~600k IG followers,https://mundialmag.com/,info@mundialmag.com,Editorial Office,"Football culture print + digital; younger urban audience","Follower count from IG public; Mundial Publishing; subscription + ad",@MundialMag
Goal.com,traditional-newspaper,UK,en,~80M monthly visits global,https://www.goal.com/en,info@goal.com,UK Editor,"Largest dedicated football site globally; multi-language hub; runs prediction content already","SimilarWeb; Footballco; ad-supported",@goal
Squawka Live,social-twitter,UK,en,~600k X followers,https://x.com/SquawkaLive,editor@squawka.com,Editorial Office,"Real-time match commentary X feed; perfect channel for in-play prediction prompts","Follower count from X public; Squawka Limited; ad-supported",@SquawkaLive
The Times Football,traditional-newspaper,UK,en,~600k digital subscribers,https://www.thetimes.co.uk/sport/football,sport@thetimes.co.uk,Football Editor,"Premium UK football journalism; Henry Winter (when there) Martyn Ziegler","News UK published subs Q4 2025; News UK; subscription",@TimesSport
Telegraph Football,traditional-newspaper,UK,en,~1M digital subscribers,https://www.telegraph.co.uk/football/,sport@telegraph.co.uk,Football Editor,"Premium subs base; Sam Wallace Jason Burt Mike McGrath","Telegraph public reporting; Telegraph Media Group; subscription",@TelegraphSport
John Cross,social-twitter,UK,en,~400k X followers,https://x.com/johncrossmirror,john.cross@trinitymirror.com,Chief Football Writer,"Mirror Chief Football Writer; covers England; runs his own newsletter on Substack","Follower from X; Reach plc; ad-supported",@johncrossmirror
New Statesman Sport,newsletter,UK,en,~40k newsletter subscribers,https://www.newstatesman.com/sport,sport@newstatesman.co.uk,Sport Editor,"Smart sport-as-politics writing including Jonathan Liew and Barney Ronay alumni","Estimate from publisher; New Statesman; subscription",@NewStatesman
Liewy on Football,substack,UK,en,~30k subscribers,https://jonathanliew.substack.com/,(via Substack profile),Jonathan Liew,"Guardian columnist with personal Substack; literary football writing","Estimate from Substack rankings; Substack; free + paid",@jonathanliew
The Game (Times),podcast,UK,en,~150k weekly downloads,https://www.thetimes.co.uk/podcasts/the-game,sport@thetimes.co.uk,Sport Editor,"Times Premier League pod; Martyn Ziegler Henry Winter alumni","Estimate from Times podcast ranking; News UK; subscription",@TimesSport
ESPN FC,youtube,USA,en,~3.7M YT subs,https://www.youtube.com/@ESPNFC,(via Disney Press),Brand Partnerships,"ESPN's dedicated football channel; covers US + global; daily WC content","Verified YT subs; Disney/ESPN; ad + subscription",@ESPNFC
Men in Blazers,podcast,USA,en,~500k weekly downloads,https://www.meninblazers.com/,info@meninblazers.com,Production Office,"Roger Bennett's flagship US soccer-culture pod; tied to NBC then independent; brand-friendly","Estimate from public Apple charts; Men in Blazers Media; ad + brand",@meninblazers
Fox Soccer,youtube,USA,en,~600k YT subs,https://www.youtube.com/@FOXSoccer,(via Fox Press),Brand Partnerships,"Fox holds US 2026 WC rights; primary US WC channel","Verified YT subs; Fox Corporation; ad + sponsorship",@FOXSoccer
Fox Sports US,traditional-broadcast,USA,en,~70M cable + streaming reach,https://www.foxsports.com/soccer,programming@fox.com,Programming Office,"Fox is the US WC 2026 English-language rights holder; partner-priority","Comscore; Fox Corporation; ad",@FOXSports
Telemundo Deportes,traditional-broadcast,USA,es,~60M cable + streaming reach,https://www.telemundodeportes.com/futbol,info@telemundo.com,Sports Programming,"Telemundo holds US Spanish-language WC 2026 rights; massive Hispanic audience","Comscore; NBCUniversal/Comcast; ad",@TelemundoDeportes
ESPN Deportes,traditional-broadcast,USA,es,~25M cable + streaming reach,https://www.espndeportes.com/,(via ESPN press),Programming Office,"ESPN's Spanish-language US channel; daily football across Liga MX EPL LaLiga","Comscore; Disney; ad + subscription",@ESPNDeportes
Major League Soccer (MLS),youtube,USA,en,~1M YT subs,https://www.youtube.com/@MLS,partnerships@mlssoccer.com,Brand Partnerships,"Official MLS channel; co-host US for 2026; partner-friendly","Verified YT subs; MLS LLC; ad + sponsorship",@MLS
US Soccer,youtube,USA,en,~500k YT subs,https://www.youtube.com/@USSoccer,partnerships@ussoccer.org,Brand Partnerships,"US Soccer Federation; host nation rights; partner-priority","Verified YT subs; USSF; partnership + ad",@USSoccer
Total Soccer Show,podcast,USA,en,~150k weekly downloads,https://totalsoccershow.com/,taylor@totalsoccershow.com,Taylor Rockwell,"US-centric coverage of European football; long-running daily pod","Estimate from Apple/Spotify; Total Soccer Show LLC; ad + Patreon",@TotalSoccerShow
The Cooligans,podcast,USA,en,~80k weekly downloads,https://thecooligans.com/,info@thecooligans.com,Production Office,"Comedy-USMNT pod; younger audience; brand-friendly","Estimate from Apple charts; independent; ad + Patreon",@thecooligans
American Soccer Now,newsletter,USA,en,~25k subscribers,https://americansoccernow.com/,john@americansoccernow.com,John Godfrey,"Long-running US soccer industry newsletter and site","Estimate from publisher; ASN Media; ad + subscription",@AmerSoccerNow
The Striker (Athletic US),newsletter,USA,en,~70k subscribers,https://theathletic.com/newsletters/the-striker/,uksport@theathletic.com,US Soccer Editor,"Athletic's US soccer newsletter; Pablo Maurer and Paul Tenorio","Estimate from Athletic; The Athletic/NYT; subscription",@TheAthleticFC
Grant Wahl Substack archive (Futbol with Grant Wahl),substack,USA,en,~120k subscribers (legacy),https://grantwahl.substack.com/,(via Substack profile),Editorial Estate,"Late Grant Wahl's archive maintained by his estate; large US soccer subscriber base","Estimate from Substack; subscription + free",@grantwahl
Daniel Feuerstein,substack,USA,en,~15k subscribers,https://feuerstein.substack.com/,danielfeuerstein@substack.com,Author,"US soccer industry reporter; MLS/NWSL focus","Estimate from Substack; subscription + free",@FeuersteinD
The Athletic Soccer (US),traditional-newspaper,USA,en,~1.2M Athletic subscribers,https://theathletic.com/soccer/,uksport@theathletic.com,US Soccer Editor,"Premium US soccer journalism; Paul Tenorio Pablo Maurer Jeff Rueter","NYT earnings; NYT Group; subscription",@TheAthleticFC
NYT Sports Soccer,traditional-newspaper,USA,en,~10M digital subscribers,https://www.nytimes.com/section/sports/soccer,sports@nytimes.com,Soccer Editor,"NYT main paper soccer section; Andrew Das Rory Smith (former)","NYT earnings; NYT Group; subscription",@NYTSports
Sports Illustrated Soccer,traditional-newspaper,USA,en,~5M monthly visits,https://www.si.com/soccer,(via SI editorial),Soccer Editor,"SI's soccer vertical; mainstream US sports audience","SimilarWeb; Authentic Brands Group; ad",@SInow
CBS Sports Golazo Network,traditional-broadcast,USA,en,~15M monthly digital reach,https://www.cbssports.com/soccer/,(via CBS Sports press),Programming,"CBS Sports' dedicated soccer FAST channel and digital arm; Kate Abdo Thierry Henry Jamie Carragher Micah Richards","Comscore; Paramount; ad + subscription",@CBSSportsGolazo
Yahoo Sports Soccer,traditional-newspaper,USA,en,~40M monthly visits,https://sports.yahoo.com/soccer/,sportspr@yahooinc.com,Soccer Editor,"Mainstream US sports portal; Doug McIntyre Henry Bushnell","SimilarWeb; Yahoo/Apollo; ad",@YahooSports
Soccer America,newsletter,USA,en,~20k subscribers,https://www.socceramerica.com/,info@socceramerica.com,Editorial Office,"Long-running US soccer industry publication; coaches and admins","Estimate from publisher; Soccer America; subscription + ad",@SoccerAmerica
The Striker Newsletter Pablo Maurer,social-twitter,USA,en,~80k X followers,https://x.com/MLSist,p.maurer@theathletic.com,Senior Writer,"Athletic Latin America + US soccer writer; bilingual","Follower count from X; The Athletic; subscription",@MLSist
Doug McIntyre,social-twitter,USA,en,~80k X followers,https://x.com/ByDougMcIntyre,doug.mcintyre@yahoo.com,Senior Soccer Writer,"Yahoo Sports lead soccer writer; covers USMNT","Follower count from X; Yahoo; ad",@ByDougMcIntyre
Caitlin Murray,social-twitter,USA,en,~70k X followers,https://x.com/caitlinmurr,caitlin.murray@gmail.com,Freelance,"USWNT-leading journalist; freelance for Athletic NYT etc; book author","Follower count from X; freelance; (unverified email - public pattern)",@caitlinmurr
Charlie Davies,podcast,USA,en,~50k weekly downloads,https://www.cbssports.com/podcasts/,(via CBS Sports),Producer,"CBS Sports Call It What You Want pod with Jimmy Conrad","Estimate from CBS chart; Paramount; ad",@CharlieDavies9
Stick to Soccer (Athletic),podcast,USA,en,~80k weekly downloads,https://theathletic.com/podcasts/,podcasts@theathletic.com,Producer,"Athletic FC US soccer flagship pod","Estimate from Athletic; subscription",@TheAthleticFC
Soccer Dot Com,social-instagram,USA,en,~600k IG followers,https://www.soccer.com/,marketing@soccer.com,Brand Partnerships,"Largest US online soccer retailer; partner-friendly with prize inventory","Follower from IG; Soccer.com; commerce",@soccerdotcom
ESPN FC,traditional-broadcast,USA,en,~25M monthly digital reach (soccer vertical),https://www.espn.com/soccer/,(via ESPN press),Programming,"ESPN.com soccer vertical; Sebastian Salazar Herculez Gomez","Comscore; Disney; ad + subscription",@ESPNFC
Herculez Gomez,social-twitter,USA,en,~300k X followers,https://x.com/HerculezG,herculez.gomez@espn.com,Analyst,"ESPN bilingual analyst; covers USMNT + Liga MX; bridge to Mexico market","Follower count from X; Disney/ESPN; ad",@HerculezG
Mosaic Magazine (Athletic Football),newsletter,USA,en,~50k subscribers,https://theathletic.com/newsletters/,(via Athletic),Producer,"Athletic football newsletter US edition","Estimate from Athletic; subscription",@TheAthleticFC
Globo Esporte,traditional-broadcast,Brazil,pt-BR,~70M weekly TV reach,https://ge.globo.com/,(via Globo press),Sports Director,"Brazil's number one football TV/digital brand; runs Cartola FC fantasy game with millions","Globo public reporting; Globo Group; ad + subscription",@globoesportecom
Cartola FC,social-instagram,Brazil,pt-BR,~6M IG followers,https://cartola.globo.com/,cartola@globo.com,Product Manager,"Globo's official fantasy football game; direct adjacency to prediction-pool concept","Follower count from IG public; Globo Group; freemium",@CartolaFC
ESPN Brasil,traditional-broadcast,Brazil,pt-BR,~40M monthly digital reach,https://www.espn.com.br/futebol/,(via ESPN BR press),Programming,"ESPN BR; football daily; Resenha ESPN brand pod","Comscore BR; Disney; ad + subscription",@ESPNBrasil
Fox Sports Brasil,traditional-broadcast,Brazil,pt-BR,~25M monthly digital reach,https://www.foxsports.com.br/,(via Fox BR press),Programming,"Football daily talk shows; brand-friendly","Comscore BR; Disney post-acquisition; ad",@FoxSportsBR
SporTV,traditional-broadcast,Brazil,pt-BR,~30M monthly cable reach,https://sportv.globo.com/,(via Globo),Programming,"Globo's pay-TV sports brand","Globo public; Globo Group; subscription",@sportv
Charla Podcast,podcast,Brazil,pt-BR,~200k weekly downloads,https://www.youtube.com/@CharlaPodcast,(via YouTube About page),Production Office,"Football pundit pod with ex-pros; mainstream Brazilian audience","Estimate from public Spotify charts; ad-supported",@CharlaPodcast
Posse de Bola,podcast,Brazil,pt-BR,~150k weekly downloads,https://www.youtube.com/@PossedeBolaOficial,contato@possedebola.com,Production Office,"Tactical-analysis pod; younger fan audience","Estimate from public Spotify; ad-supported",@PossedeBolaOficial
Resenha ESPN,podcast,Brazil,pt-BR,~300k weekly downloads,https://www.espn.com.br/podcasts/,(via ESPN BR),Producer,"ESPN BR's flagship football resenha format","Estimate from public charts; Disney; subscription",@ESPNBrasil
Desimpedidos,youtube,Brazil,pt-BR,~13M YT subs,https://www.youtube.com/@desimpedidos,contato@desimpedidos.com.br,Brand Partnerships,"Brazil's biggest football-entertainment YouTube brand; runs branded prediction content","Verified YT subs; Conteudo BR/Webedia; brand partnership",@desimpedidos
Cartoleiros,youtube,Brazil,pt-BR,~600k YT subs,https://www.youtube.com/@cartoleiros,contato@cartoleiros.com.br,Producer,"Cartola FC analysis channel; massive prediction-game native audience","Verified YT subs; independent; ad + sponsorship",@cartoleiros
PilhadoFC,youtube,Brazil,pt-BR,~700k YT subs,https://www.youtube.com/@PilhadoFC,contato@pilhado.com.br,Brand Partnerships,"Football-fan reactions and live shows; brand-active","Verified YT subs; independent; ad + sponsorship",@PilhadoFC
Bola Pesada,youtube,Brazil,pt-BR,~400k YT subs,https://www.youtube.com/@BolaPesada,(via YouTube About page),Channel Owner,"Football reaction and debate format","Verified YT subs; independent; ad-supported",@BolaPesada
Folha de Sao Paulo Esporte,traditional-newspaper,Brazil,pt-BR,~700k digital subscribers,https://www.folha.uol.com.br/esporte/,esporte@grupofolha.com.br,Sport Editor,"Brazil's leading daily; football vertical","Folha public reporting; Grupo Folha; subscription + ad",@folha
UOL Esporte,traditional-newspaper,Brazil,pt-BR,~60M monthly visits,https://www.uol.com.br/esporte/,esporte@uol.com.br,Sport Editor,"UOL's huge football vertical including PVC Juca Kfouri Mauro Cezar","SimilarWeb BR; Grupo UOL; ad + subscription",@UOLEsporte
Lance,traditional-newspaper,Brazil,pt-BR,~30M monthly visits,https://www.lance.com.br/,redacao@lancenet.com.br,Editor,"Long-running Brazilian sports daily","SimilarWeb BR; Areté Editorial; ad",@lance
PVC Mauro Cezar Juca Kfouri,social-twitter,Brazil,pt-BR,~2M X followers combined,https://x.com/jucakfouri,(via UOL press),Columnists,"Top three opinion columnists in Brazilian football; UOL-aligned","Follower count from X; ad + subscription",@jucakfouri
Mauro Beting,social-twitter,Brazil,pt-BR,~250k X followers,https://x.com/MauroBeting,(via personal site),Columnist,"Veteran football commentator and writer","Follower count from X; freelance",@MauroBeting
GE Globo Newsletter,newsletter,Brazil,pt-BR,~500k subscribers,https://ge.globo.com/newsletter/,(via Globo),Producer,"Globo Esporte's daily football newsletter","Estimate from Globo; Globo Group; free + ad",@globoesportecom
Cartola Express Newsletter,newsletter,Brazil,pt-BR,~300k subscribers,https://cartola.globo.com/,cartola@globo.com,Product Manager,"Cartola FC weekly newsletter; ideal cross-promo for WC predictions","Estimate from Globo; Globo Group; free",@CartolaFC
Ole,traditional-newspaper,Argentina,es,~25M monthly visits,https://www.ole.com.ar/,redaccion@ole.com.ar,Editor,"Argentina's leading sports daily; football-only paper","SimilarWeb AR; Grupo Clarin; ad",@DiarioOle
TyC Sports,traditional-broadcast,Argentina,es,~20M monthly digital reach,https://www.tycsports.com/,(via TyC press),Programming,"Leading AR sports TV; football daily; Liga Profesional rights","Comscore AR; Grupo Clarin/Torneos; ad + subscription",@TyCSports
ESPN Argentina,traditional-broadcast,Argentina,es,~15M monthly digital reach,https://www.espn.com.ar/futbol/,(via ESPN AR press),Programming,"ESPN AR football arm; F90 F12 flagship shows","Comscore AR; Disney; ad + subscription",@ESPNArgentina
F90 ESPN,podcast,Argentina,es,~200k weekly downloads,https://www.espn.com.ar/podcasts/,(via ESPN AR),Producer,"Flagship Argentine football pundit pod; Vignolo Closs Sebastian Vignolo","Estimate from public charts; Disney; subscription",@ESPNArgentina
Hablemos de Futbol,podcast,Argentina,es,~100k weekly downloads,https://www.spotify.com/,(via Spotify profile),Production Office,"Argentine football analysis pod; younger audience","Estimate from Spotify; ad",@HabFutbolPod
La Nacion Deportes,traditional-newspaper,Argentina,es,~30M monthly visits,https://www.lanacion.com.ar/deportes/,deportes@lanacion.com.ar,Sport Editor,"La Nacion's sport section; football daily","SimilarWeb AR; La Nacion SA; subscription + ad",@LANACION
Clarin Deportes,traditional-newspaper,Argentina,es,~40M monthly visits,https://www.clarin.com/deportes/,deportes@clarin.com,Sport Editor,"Clarin's sport section; football daily","SimilarWeb AR; Grupo Clarin; ad + subscription",@clarincom
Pasion Monumental,youtube,Argentina,es,~500k YT subs,https://www.youtube.com/@PasionMonumental,(via YouTube About page),Channel Owner,"River Plate fan channel; live match reactions","Verified YT subs; independent; ad + sponsorship",@PasionMonumental
Doble Amarilla,youtube,Argentina,es,~250k YT subs,https://www.youtube.com/@DobleAmarillaOK,contacto@dobleamarilla.com.ar,Editor,"Argentine football news + transfer aggregator","Verified YT subs; independent; ad",@DobleAmarillaOK
Resumen LPF,youtube,Argentina,es,~300k YT subs,https://www.youtube.com/@LigaProfesional,prensa@ligaprofesional.com.ar,Brand Partnerships,"Official Argentine Liga Profesional channel; partner-priority","Verified YT subs; LPF; partnership + ad",@LigaAFA
Gaston Edul,social-twitter,Argentina,es,~1.5M X followers,https://x.com/gastonedul,(via TyC press),Reporter,"Top transfer-news AR journalist; ex-TyC; very brand-friendly","Follower count from X; freelance; brand sponsorships",@gastonedul
Veron Sport,social-twitter,Argentina,es,~150k X followers,https://x.com/veronsport,(via personal site),Reporter,"Argentine football reporter; transfer beat",,@veronsport
Pelota Parada,podcast,Argentina,es,~100k weekly downloads,https://www.youtube.com/@PelotaParada,(via YouTube About page),Production Office,"Argentine football comedy + analysis pod","Estimate from Spotify; ad",@PelotaParada
Marca,traditional-newspaper,Spain,es,~80M monthly visits,https://www.marca.com/,internet@marca.com,Editor,"Spain's biggest sports daily; football-heavy","SimilarWeb ES; Unidad Editorial; ad + subscription",@marca
AS,traditional-newspaper,Spain,es,~70M monthly visits,https://as.com/,redaccion@as.com,Editor,"Spain's number two sports daily","SimilarWeb ES; PRISA; ad + subscription",@diarioas
Mundo Deportivo,traditional-newspaper,Spain,es,~40M monthly visits,https://www.mundodeportivo.com/,redaccion@mundodeportivo.com,Editor,"Barcelona-tilted Spanish sports daily","SimilarWeb ES; Grupo Godo; ad + subscription",@mundodeportivo
Sport,traditional-newspaper,Spain,es,~25M monthly visits,https://www.sport.es/,redaccion@sport.es,Editor,"Barcelona-focused sports daily","SimilarWeb ES; Prensa Iberica; ad + subscription",@sport
El Chiringuito de Jugones,traditional-broadcast,Spain,es,~6M YT subs,https://www.youtube.com/@ELCHIRINGUITOTV,info@elchiringuitotv.com,Brand Partnerships,"Massive late-night football debate show; Pedrerol; very brand-friendly","Verified YT subs; Atresmedia; ad + brand partnerships",@elchiringuitotv
Cadena SER El Larguero,podcast,Spain,es,~800k weekly listens,https://cadenaser.com/programa/el_larguero/,redaccion@cadenaser.com,Producer,"SER's nightly football show; long-running brand","RAJAR-equivalent; PRISA; ad + subscription",@ellarguero
Tiempo de Juego (COPE),podcast,Spain,es,~600k weekly listens,https://www.cope.es/programas/tiempo-de-juego,prensa@cope.es,Producer,"COPE's weekend football flagship","Estimate from EGM; COPE; ad",@tjcope
Onda Cero Radioestadio,podcast,Spain,es,~400k weekly listens,https://www.ondacero.es/programas/radioestadio/,(via Onda Cero),Producer,"Onda Cero's weekend football show","Estimate from EGM; Atresmedia; ad",@OndaCero_es
DAZN Espana,traditional-broadcast,Spain,es,~3M subscribers,https://www.dazn.com/es-ES,(via DAZN press),Brand Partnerships,"LaLiga Hypermotion + UCL Spanish rights; partner-friendly","DAZN public reporting; DAZN Group; subscription",@DAZN_ES
M+ LaLiga,traditional-broadcast,Spain,es,~5M Movistar subs,https://www.movistarplus.es/laliga,(via Movistar press),Programming,"Movistar+'s LaLiga channel; partner-priority","Movistar public; Telefonica; subscription",@vamos
Post United Podcast,podcast,Spain,es,~80k weekly downloads,https://www.spotify.com/,(via Spotify),Producer,"English football coverage in Spanish; bridge audience",,@PostUnitedPod
Relevo,traditional-newspaper,Spain,es,~10M monthly visits,https://www.relevo.com/,redaccion@relevo.com,Editor,"New digital sports daily; Vocento group; younger audience","SimilarWeb ES; Vocento; ad + subscription",@relevo
2010MisterChip,social-twitter,Spain,es,~3M X followers,https://x.com/2010MisterChip,(via personal site),Stats Journalist,"World's most-followed football-stats account; perfect partner for stats-driven prediction angle","Follower count from X; freelance; brand sponsorships",@2010MisterChip
Marca Newsletter,newsletter,Spain,es,~300k subscribers,https://www.marca.com/newsletters/,internet@marca.com,Producer,"Marca's daily football newsletter","Estimate from Unidad Editorial; subscription + ad",@marca
Fabrizio Romano (here-we-go global pull),social-twitter,Italy,en,~25M X followers,https://x.com/FabrizioRomano,fabrizio@fabrizioromano.com,Editor,"World's most powerful transfer-news journalist; global English audience; very brand-friendly","Follower count from X; freelance; brand sponsorships (NordVPN etc)",@FabrizioRomano
La Gazzetta dello Sport,traditional-newspaper,Italy,it,~50M monthly visits,https://www.gazzetta.it/,(via Gazzetta press),Editor,"Italy's largest sports daily; football centric","SimilarWeb IT; RCS MediaGroup; ad + subscription",@Gazzetta_it
Corriere dello Sport,traditional-newspaper,Italy,it,~35M monthly visits,https://www.corrieredellosport.it/,redazione@corrieredellosport.it,Editor,"Number two Italian sports daily","SimilarWeb IT; Conti Editore; ad + subscription",@cds_official
Tuttosport,traditional-newspaper,Italy,it,~25M monthly visits,https://www.tuttosport.com/,redazione@tuttosport.com,Editor,"Turin-based sports daily; Juventus-tilted","SimilarWeb IT; Edisport; ad + subscription",@tuttosport
Sky Sport Italia,traditional-broadcast,Italy,it,~5M Sky IT subs,https://sport.sky.it/,(via Sky IT press),Programming,"Sky IT's football flagship; Serie A + UCL","Sky public; Comcast/Sky; subscription",@SkySport
DAZN Italia,traditional-broadcast,Italy,it,~2M subscribers,https://www.dazn.com/it-IT,(via DAZN),Brand Partnerships,"Serie A rights holder in Italy","DAZN public; DAZN Group; subscription",@DAZN_IT
La Gazzetta TV,youtube,Italy,it,~700k YT subs,https://www.youtube.com/@gazzettatv,(via Gazzetta press),Producer,"Gazzetta's YouTube channel; football daily","Verified YT subs; RCS; ad + subscription",@gazzettatv
Cronache di Spogliatoio,podcast,Italy,it,~250k weekly downloads,https://cronachedispogliatoio.com/,info@cronachedispogliatoio.com,Production Office,"Cult Italian football culture pod; brand-friendly","Estimate from Spotify charts; independent; ad + Patreon",@cronachepod
Numer1,youtube,Italy,it,~150k YT subs,https://www.youtube.com/@Numer1,(via YouTube About page),Channel Owner,"Numbers-driven Italian football analysis; prediction angle fits","Verified YT subs; independent; ad",@Numer1
StorieDiCalcio,youtube,Italy,it,~120k YT subs,https://www.youtube.com/@StorieDiCalcio,(via YouTube About page),Channel Owner,"Italian football storytelling channel","Verified YT subs; independent; ad",@StorieDiCalcio
Carlo Pizzigoni,social-twitter,Italy,it,~80k X followers,https://x.com/cpizzigoni,(via Sky IT press),Commentator,"Sky IT football commentator","Follower count from X; Sky IT",@cpizzigoni
Fabio Caressa,social-twitter,Italy,it,~150k X followers,https://x.com/fabiocaressa,(via Sky IT press),Commentator,"Sky IT lead football commentator; ran 2006 WC final","Follower count from X; Sky IT",@fabiocaressa
Christian Vieri Bobo TV,youtube,Italy,it,~250k YT subs,https://www.youtube.com/@BoboTVOfficial,info@bobotv.it,Brand Partnerships,"Vieri Cassano Adani Ventola live show; brand-friendly","Verified YT subs; BoboTV; ad + brand partnerships",@BoboTVOfficial
Calcio e Finanza Newsletter,newsletter,Italy,it,~40k subscribers,https://www.calcioefinanza.it/,redazione@calcioefinanza.it,Editor,"Football business newsletter; industry decision-makers","Estimate from publisher; subscription + ad",@calcioefinanza
L'Equipe,traditional-newspaper,France,fr,~60M monthly visits,https://www.lequipe.fr/,redaction@lequipe.fr,Editor,"France's national sports daily; football centric","SimilarWeb FR; Amaury Group; subscription + ad",@lequipe
RMC Sport,traditional-broadcast,France,fr,~30M monthly digital reach,https://rmcsport.bfmtv.com/football/,(via RMC press),Programming,"Top French football radio + digital; Rothen Riolo Di Meco","Comscore FR; Altice; ad + subscription",@RMCsport
RMC Sport Football Club (After Foot),podcast,France,fr,~600k weekly listens,https://rmc.bfmtv.com/emission/after-foot/,(via RMC press),Producer,"Flagship daily football debate show; Gilbert Brisbois","Estimate from Mediametrie; Altice; ad",@RMCsport
Canal+ Sport,traditional-broadcast,France,fr,~5M Canal+ subs,https://www.canalplus.com/sport,(via Canal+ press),Programming,"Top1 / J+1 / late-night football brand","Canal+ public; Vivendi/Canal+; subscription",@CanalplusSport
beIN Sports France,traditional-broadcast,France,fr,~3M subscribers,https://www.beinsports.com/fr/,(via beIN press),Programming,"Multi-league rights including Ligue 1 portion + LaLiga + Serie A","beIN public; Qatari Sports Investments; subscription",@beINSPORTS_FR
Footballski,podcast,France,fr,~80k weekly downloads,https://footballski.fr/,contact@footballski.fr,Editor,"Eastern Europe football pod with French following","Estimate from Spotify; independent; ad + Patreon",@Footballski
So Foot,traditional-newspaper,France,fr,~8M monthly visits,https://www.sofoot.com/,redaction@sofoot.com,Editor,"Cult French football culture mag; younger audience","SimilarWeb FR; So Press; ad + subscription",@sofoot
Le 10 Sport,traditional-newspaper,France,fr,~15M monthly visits,https://www.le10sport.com/,redaction@le10sport.com,Editor,"French football transfer/news site","SimilarWeb FR; Le 10 Sport SAS; ad",@le10sport
Foot Mercato,traditional-newspaper,France,fr,~25M monthly visits,https://www.footmercato.net/,contact@footmercato.net,Editor,"French football transfer / news leader","SimilarWeb FR; Webedia; ad",@footmercato
TF1 Sport,traditional-broadcast,France,fr,~10M weekly TV reach,https://www.tf1.fr/sport,(via TF1 press),Programming,"TF1 holds France-team big match rights; partner-priority","TF1 public; TF1 Group; ad",@TF1Sport
RMC Daniel Riolo,social-twitter,France,fr,~700k X followers,https://x.com/DanielRiolo,(via RMC press),Columnist,"Outspoken French football pundit; podcast personality","Follower count from X; Altice",@DanielRiolo
Romain Molina,social-twitter,France,fr,~200k X followers,https://x.com/RomainMolina,(via personal site),Investigative Reporter,"Independent investigative football journalist","Follower count from X; freelance",@RomainMolina
Walid Acherchour,social-twitter,France,fr,~250k X followers,https://x.com/walidacherchour,(via RMC press),Pundit,"After Foot regular; younger audience","Follower count from X; Altice",@walidacherchour
Le Phoceen,traditional-newspaper,France,fr,~5M monthly visits,https://www.lephoceen.fr/,redaction@lephoceen.fr,Editor,"Marseille-focused football site; passionate fanbase","SimilarWeb FR; independent; ad",@lephoceen
Bild Sport,traditional-newspaper,Germany,de,~80M monthly visits,https://www.bild.de/sport/,sport@bild.de,Editor,"Bild's sport section; Germany's biggest football news outlet","SimilarWeb DE; Axel Springer; ad + subscription",@BILD_Sport
Kicker,traditional-newspaper,Germany,de,~70M monthly visits,https://www.kicker.de/,redaktion@kicker.de,Editor,"Germany's number one football specialist title","SimilarWeb DE; Olympia-Verlag; subscription + ad",@kicker
Sport1,traditional-broadcast,Germany,de,~40M monthly digital reach,https://www.sport1.de/fussball,kontakt@sport1.de,Editor,"Sport1's football vertical","SimilarWeb DE; Sport1 GmbH; ad",@SPORT1
Sky Sport Deutschland,traditional-broadcast,Germany,de,~3M Sky DE subs,https://sport.sky.de/,(via Sky DE press),Programming,"Bundesliga + UCL rights; partner-priority","Sky public; Comcast/Sky; subscription",@SkySportDE
DAZN Deutschland,traditional-broadcast,Germany,de,~3M subscribers,https://www.dazn.com/de-DE,(via DAZN),Brand Partnerships,"Bundesliga + UCL rights; partner-friendly","DAZN public; DAZN Group; subscription",@DAZN_DE
Spielmacher Podcast,podcast,Germany,de,~100k weekly downloads,https://www.spotify.com/,(via Spotify),Producer,"German tactical-football pod; younger audience",,@SpielmacherPod
Rasenfunk,podcast,Germany,de,~80k weekly downloads,https://rasenfunk.de/,info@rasenfunk.de,Max-Jacob Ost,"Long-form German football analysis pod; cult audience","Estimate from public charts; independent; listener-supported",@Rasenfunk
Spox,traditional-newspaper,Germany,de,~25M monthly visits,https://www.spox.com/de/sport/fussball/,redaktion@spox.com,Editor,"DAZN-owned German sports site","SimilarWeb DE; DAZN Group; ad",@spox
Tagesschau Sport,traditional-broadcast,Germany,de,~15M weekly TV reach,https://www.tagesschau.de/sport/,(via ARD press),Producer,"ARD national news sport segment","ARD public; ARD; public-service",@tagesschau
ZDF Sportstudio,traditional-broadcast,Germany,de,~5M weekly TV reach,https://www.zdf.de/sport/das-aktuelle-sportstudio,(via ZDF press),Producer,"Long-running ZDF Saturday-night football show","ZDF public; ZDF; public-service",@ZDFsport
11Freunde,traditional-newspaper,Germany,de,~6M monthly visits,https://11freunde.de/,redaktion@11freunde.de,Editor,"Football culture magazine; cult audience","SimilarWeb DE; Gruner+Jahr; subscription + ad",@11Freunde_de
Lukas Tank Tactico Newsletter,substack,Germany,de,~15k subscribers,https://tactico.substack.com/,(via Substack profile),Author,"Niche German tactical newsletter; engaged football-nerd audience","Estimate from Substack; subscription",@tacticonews
Bayern and Beyond,podcast,Germany,en,~50k weekly downloads,https://www.bavarianfootballworks.com/,info@bavarianfootballworks.com,Producer,"English-language Bayern Munich pod","Estimate from public charts; Vox Media; ad",@BavarianFB
Fabian Loosen Real-Football,social-twitter,Germany,de,~120k X followers,https://x.com/FabianLoosen,(via personal site),Stats Reporter,"German football stats account",,@FabianLoosen
A Bola,traditional-newspaper,Portugal,pt-PT,~25M monthly visits,https://www.abola.pt/,redacao@abola.pt,Editor,"Portugal's leading football daily","SimilarWeb PT; A Bola SA; ad + subscription",@abolapt
Record,traditional-newspaper,Portugal,pt-PT,~20M monthly visits,https://www.record.pt/,redacao@record.pt,Editor,"Portuguese sports daily; football-heavy","SimilarWeb PT; Cofina; ad + subscription",@record_portugal
O Jogo,traditional-newspaper,Portugal,pt-PT,~15M monthly visits,https://www.ojogo.pt/,ojogo@globalmediagroup.pt,Editor,"Porto-based Portuguese sports daily","SimilarWeb PT; Global Media; ad + subscription",@ojogoonline
SportTV,traditional-broadcast,Portugal,pt-PT,~2M subscribers,https://sporttv.pt/,(via NOS press),Programming,"Portugal's pay-TV football leader","NOS public; NOS Group; subscription",@SPORTTV
RTP Desporto,traditional-broadcast,Portugal,pt-PT,~10M weekly TV reach,https://www.rtp.pt/desporto/,(via RTP press),Producer,"Public broadcaster sport","RTP public; RTP; public-service",@rtpdesporto
TVI Mais Futebol,podcast,Portugal,pt-PT,~80k weekly downloads,https://maisfutebol.iol.pt/,maisfutebol@tvi.pt,Editor,"TVI's daily football show + podcast","Estimate from publisher; Media Capital; ad",@maisfutebol
Antena 1 Bola Branca,podcast,Portugal,pt-PT,~50k weekly downloads,https://www.rtp.pt/play/p1483/bola-branca,(via RTP press),Producer,"RTP's daily football show","Estimate from RTP; public-service",@AntenaUm
Pedro Almeida,social-twitter,Portugal,pt-PT,~100k X followers,https://x.com/pmiguelalmeida,(via Record press),Reporter,"Portuguese football reporter",,@pmiguelalmeida
Eredivisie Official,youtube,Netherlands,nl,~250k YT subs,https://www.youtube.com/@Eredivisie,partnerships@eredivisie.nl,Brand Partnerships,"Official Dutch top flight channel; partner-priority","Verified YT subs; Eredivisie CV; partnership",@eredivisie
ESPN NL,traditional-broadcast,Netherlands,nl,~3M subscribers,https://www.espn.nl/,(via ESPN NL press),Programming,"Eredivisie rights holder in NL; football flagship","ESPN NL public; Disney; subscription",@ESPNnl
Voetbal International (VI),traditional-newspaper,Netherlands,nl,~15M monthly visits,https://www.vi.nl/,redactie@vi.nl,Editor,"Dutch football weekly + digital leader","SimilarWeb NL; ProSieben/Mediahuis; subscription + ad",@VInl
NOS Sport,traditional-broadcast,Netherlands,nl,~10M weekly reach,https://nos.nl/sport,(via NOS press),Producer,"Dutch public broadcaster sport","NOS public; NOS; public-service",@NOSsport
Veronica Inside / Vandaag Inside,traditional-broadcast,Netherlands,nl,~1.5M weekly TV viewers,https://www.spotify.com/,(via Talpa press),Producer,"Wilfred Genee Johan Derksen Rene van der Gijp; massive Dutch football talk show","Talpa public; Talpa; ad",@VandaagInside
De Telegraaf Sport,traditional-newspaper,Netherlands,nl,~25M monthly visits,https://www.telegraaf.nl/sport/,sport@telegraaf.nl,Editor,"Largest Dutch daily sport section","SimilarWeb NL; Mediahuis; subscription + ad",@telesport
Studio Voetbal,podcast,Netherlands,nl,~100k weekly downloads,https://www.npostart.nl/studio-voetbal,(via NOS press),Producer,"NOS football debate show","Estimate from NOS; public-service",@StudioVoetbal
De Voetbalpodcast,podcast,Netherlands,nl,~120k weekly downloads,https://www.spotify.com/,(via Spotify),Producer,"Dutch football pundit pod",,@voetbalpodcast
VI Pro Football Newsletter,newsletter,Netherlands,nl,~30k subscribers,https://www.vi.nl/nieuwsbrief,redactie@vi.nl,Producer,"VI's daily football newsletter","Estimate from VI; subscription + ad",@VInl
433 NL,social-instagram,Netherlands,nl,~63M IG followers (global),https://www.433.com/,contact@433.com,Brand Partnerships,"NL-HQ'd 433 IG; world's biggest football account; partner-friendly","Follower count from IG; 433 BV; brand partnerships",@433
Marca Claro,traditional-newspaper,Mexico,es,~30M monthly visits,https://www.marca.com/claro-mx/,marcaclaro@marca.com,Editor,"Marca-Claro JV for Mexico/LatAm","SimilarWeb MX; Unidad Editorial/Claro; ad",@MarcaClaro
ESPN Deportes Mexico,traditional-broadcast,Mexico,es,~25M monthly digital reach,https://www.espn.com.mx/futbol/,(via ESPN MX press),Programming,"ESPN MX football daily","Comscore MX; Disney; ad + subscription",@ESPNmx
TUDN,traditional-broadcast,Mexico,es,~40M weekly cable + streaming,https://www.tudn.com/,(via Televisa press),Programming,"Televisa Univision football brand; Liga MX rights","Comscore MX; TelevisaUnivision; ad + subscription",@TUDNMEX
Fox Sports Mexico,traditional-broadcast,Mexico,es,~20M monthly digital reach,https://www.foxsports.com.mx/,(via Fox MX press),Programming,"Fox MX football daily","Comscore MX; Disney; ad",@FOXSportsMX
Mediotiempo,traditional-newspaper,Mexico,es,~40M monthly visits,https://www.mediotiempo.com/,redaccion@mediotiempo.com,Editor,"Mexico's biggest sports digital site","SimilarWeb MX; Editorial Televisa; ad",@mediotiempo
Record Mexico,traditional-newspaper,Mexico,es,~30M monthly visits,https://www.record.com.mx/,redaccion@record.com.mx,Editor,"Mexican sports daily","SimilarWeb MX; Editorial Notmusa; ad",@record_mexico
La Aficion (Milenio),traditional-newspaper,Mexico,es,~15M monthly visits,https://www.milenio.com/laaficion,laaficion@milenio.com,Editor,"Milenio's sport section","SimilarWeb MX; Multimedios; ad + subscription",@LaAficion
La Cantera,podcast,Mexico,es,~120k weekly downloads,https://www.spotify.com/,(via Spotify),Producer,"Mexican football pod",,@LaCanteraPod
Andre Marin Marca Claro,podcast,Mexico,es,~150k weekly downloads,https://www.marca.com/claro-mx/podcasts/,marcaclaro@marca.com,Producer,"Veteran Mexican commentator Marca Claro podcast",,@MarcaClaro
David Faitelson,social-twitter,Mexico,es,~5M X followers,https://x.com/Faitelson_ESPN,(via Televisa press),Columnist,"Most-followed Mexican football pundit; moved Univision in 2023","Follower count from X; Televisa Univision",@Faitelson_ESPN
Andre Marin,social-twitter,Mexico,es,~1.5M X followers,https://x.com/AndreMarinpuro,(via Marca Claro press),Columnist,"Veteran Mexican football journalist","Follower count from X; Marca Claro",@AndreMarinpuro
Hugo Sanchez,social-twitter,Mexico,es,~2M X followers,https://x.com/hugosanchez_9,(via personal),Pundit,"Legend turned pundit; brand-friendly","Follower count from X; freelance",@hugosanchez_9
TSN Soccer,traditional-broadcast,Canada,en,~20M monthly digital reach,https://www.tsn.ca/soccer,(via TSN press),Programming,"TSN's football arm; Canada Soccer + EPL rights","Comscore CA; Bell Media; ad + subscription",@TSN_Sports
Sportsnet Soccer,traditional-broadcast,Canada,en,~15M monthly digital reach,https://www.sportsnet.ca/soccer/,(via Sportsnet press),Programming,"Rogers' Sportsnet soccer arm","Comscore CA; Rogers; ad + subscription",@Sportsnet
OneSoccer,traditional-broadcast,Canada,en,~500k subscribers,https://onesoccer.ca/,info@onesoccer.ca,Brand Partnerships,"Canadian Premier League + Canada Soccer rights; partner-priority","Mediapro public; Mediapro CA; subscription",@onesoccer
CBC Sports,traditional-broadcast,Canada,en,~10M weekly reach,https://www.cbc.ca/sports/soccer,(via CBC press),Producer,"Public broadcaster Olympics + Canada Soccer","CBC public; CBC; public-service",@CBCSports
The Athletic Canada Soccer,traditional-newspaper,Canada,en,~100k subscribers (CA segment),https://theathletic.com/canada/,uksport@theathletic.com,Editor,"Athletic Canada soccer coverage including Joshua Kloke","Estimate from NYT; subscription",@TheAthleticFC
Northern Tribune,newsletter,Canada,en,~10k subscribers,https://northerntribune.ca/,info@northerntribune.ca,Editor,"Canadian soccer news site + newsletter","Estimate from publisher; independent; ad",@northerntribune
Waking the Red,blog,Canada,en,~8k subscribers,https://www.wakingthered.com/,info@wakingthered.com,Editor,"Toronto FC fan blog (SBNation network)","Estimate from publisher; Vox Media; ad",@WakingTheRed
Footy Prime,podcast,Canada,en,~30k weekly downloads,https://footyprime.com/,info@footyprime.com,Producer,"Canadian football pod","Estimate from public charts; independent; ad + Patreon",@FootyPrime
Voyageurs Forum,blog,Canada,en,~10k weekly visits,https://forum.thevoyageurs.org/,(via forum),Admin,"Canadian national team supporters forum","Estimate from publisher; community; free",@VoyageursForum
Devan Sumi Canada Soccer,social-twitter,Canada,en,~50k X followers,https://x.com/dsumi,(via personal site),Reporter,"Canadian football journalist",,@dsumi
Joshua Kloke,social-twitter,Canada,en,~25k X followers,https://x.com/joshuakloke,j.kloke@theathletic.com,Senior Writer,"Athletic Canada soccer + TFC writer","Follower count from X; The Athletic; subscription",@joshuakloke
Carmelina Moscato Pod,podcast,Canada,en,~20k weekly downloads,https://www.spotify.com/,(via Spotify),Producer,"Canadian women's football coverage",,@cmoscato6
NZ Football,social-twitter,NZ,en,~50k followers (Twitter + IG combined),https://www.nzfootball.co.nz/,info@nzfootball.co.nz,Brand Partnerships,"National federation comms channel; partner-priority for All Whites + Football Ferns","Federation public; NZ Football; ad + sponsorship",@NZ_Football
Stuff Sport,traditional-newspaper,NZ,en,~20M monthly visits,https://www.stuff.co.nz/sport,sportdesk@stuff.co.nz,Sport Editor,"NZ's largest news site sport section","SimilarWeb NZ; Stuff Group; ad + subscription",@NZStuffSport
NZ Herald Sport,traditional-newspaper,NZ,en,~15M monthly visits,https://www.nzherald.co.nz/sport/,sport@nzherald.co.nz,Sport Editor,"Auckland-based national daily","SimilarWeb NZ; NZME; subscription + ad",@nzherald
RNZ Sport,traditional-broadcast,NZ,en,~3M weekly reach,https://www.rnz.co.nz/news/sport,(via RNZ press),Producer,"NZ public broadcaster sport","RNZ public; RNZ; public-service",@radionz
Sky Sport NZ,traditional-broadcast,NZ,en,~700k Sky NZ subs,https://www.skysport.co.nz/,(via Sky NZ press),Programming,"NZ pay-TV sport leader; football rights","Sky NZ public; Sky NZ; subscription",@skysportnz
TAB NZ,social-twitter,NZ,en,~80k X followers,https://www.tab.co.nz/,info@tab.co.nz,Brand Partnerships,"NZ legal betting operator; potential premium prediction-pool partner subject to NZ Lotteries policy","Follower count from X; TAB NZ; sponsorship",@TABNZ
NZ Football Newsletter,newsletter,NZ,en,~5k subscribers,https://www.nzfootball.co.nz/newsletter,info@nzfootball.co.nz,Producer,"NZ Football's monthly newsletter","Estimate from publisher; NZ Football; free",@NZ_Football
The Spinoff Sport,traditional-newspaper,NZ,en,~3M monthly visits,https://thespinoff.co.nz/sports,hello@thespinoff.co.nz,Sport Editor,"Independent NZ digital with strong sport coverage","SimilarWeb NZ; The Spinoff Ltd; member-supported + ad",@thespinofftv
Newsroom NZ Sport,traditional-newspaper,NZ,en,~1.5M monthly visits,https://www.newsroom.co.nz/sport,editor@newsroom.co.nz,Sport Editor,"Independent NZ digital reporting on football including All Whites Football Ferns","SimilarWeb NZ; Newsroom Pro; subscription + ad",@NewsroomNZ
1News Sport,traditional-broadcast,NZ,en,~2M weekly reach,https://www.1news.co.nz/sport,(via TVNZ press),Producer,"TVNZ flagship news sport segment","TVNZ public; TVNZ; ad + public-service",@1NewsNZ
Locker Room (Newsroom),newsletter,NZ,en,~5k subscribers,https://www.newsroom.co.nz/lockerroom,(via Newsroom),Editor,"Womens-sport-focused NZ newsletter; All Whites + Football Ferns coverage","Estimate from publisher; subscription + ad",@LockerRoomNZ
The Athletic NZ (Sail GP/Olympics writers),social-twitter,NZ,en,~10k X followers (NZ angle),https://x.com/_jamillustrated,(via The Athletic),Freelance,"NZ-resident Athletic contributors","Follower count from X; freelance",@_jamillustrated
Jason Pine Newstalk ZB,traditional-broadcast,NZ,en,~300k weekly listens,https://www.newstalkzb.co.nz/sport/,jason.pine@newstalkzb.co.nz,Host,"Newstalk ZB's lead sport host; nationwide commercial radio","RAJAR-equivalent; NZME; ad",@jasonpinezb
ESPN FC US YouTube,youtube,USA,en,~3.7M YT subs,https://www.youtube.com/@ESPNFC,(via ESPN press),Brand Partnerships,"US-edition of ESPN football channel; duplicate flagged - see also UK listing","Verified YT subs; Disney; ad + subscription",@ESPNFC
Yahoo Sports Football,youtube,USA,en,~250k YT subs,https://www.youtube.com/@YahooSports,sportspr@yahooinc.com,Programming,"Yahoo Sports US digital","Verified YT subs; Yahoo; ad",@YahooSports
The Overlap US Audience,podcast,USA,en,~500k US weekly downloads,https://www.youtube.com/@TheOverlap,(via Sky press),Brand Partnerships,"Carragher Neville show with significant US audience","Estimate from publisher; Sky/Buzz16; ad + brand",@TheOverlap
Globo Esporte Newsletter,newsletter,Brazil,pt-BR,~500k subscribers,https://ge.globo.com/newsletter/,(via Globo press),Producer,"Daily football newsletter from Globo","Estimate from Globo; Globo; free + ad",@globoesportecom
Yahoo Esporte Brasil,traditional-newspaper,Brazil,pt-BR,~15M monthly visits,https://esportes.yahoo.com/,(via Yahoo press),Editor,"Yahoo BR sports portal","SimilarWeb BR; Yahoo; ad",@YahooEsporte
TNT Sports Brasil,traditional-broadcast,Brazil,pt-BR,~30M monthly digital reach,https://www.tntsports.com.br/,(via TNT press),Programming,"WarnerBros TNT Sports BR; Libertadores rights","Comscore BR; WBD; subscription + ad",@TNTSportsBR
Goal Brasil,traditional-newspaper,Brazil,pt-BR,~25M monthly visits,https://www.goal.com/br,(via Footballco),Editor,"Goal.com Brazilian edition","SimilarWeb BR; Footballco; ad",@goalbrasil
Trivela,traditional-newspaper,Brazil,pt-BR,~5M monthly visits,https://trivela.com.br/,redacao@trivela.com.br,Editor,"Brazilian football culture site; international coverage","SimilarWeb BR; independent; ad + subscription",@trivela
Calciomercato,traditional-newspaper,Italy,it,~30M monthly visits,https://www.calciomercato.com/,info@calciomercato.com,Editor,"Italian transfer market news leader","SimilarWeb IT; CM Editori; ad",@cmdotcom
Eurosport Italia,traditional-broadcast,Italy,it,~10M monthly digital reach,https://www.eurosport.it/calcio/,(via Eurosport press),Programming,"Discovery-owned Eurosport IT football","Comscore IT; WBD; ad + subscription",@Eurosport_IT
La Stampa Sport,traditional-newspaper,Italy,it,~10M monthly visits,https://www.lastampa.it/sport,sport@lastampa.it,Sport Editor,"La Stampa's sport section","SimilarWeb IT; GEDI; subscription + ad",@LaStampa
Le Parisien Sport,traditional-newspaper,France,fr,~30M monthly visits,https://www.leparisien.fr/sports/,sport@leparisien.fr,Sport Editor,"Le Parisien sport section; PSG-leaning","SimilarWeb FR; LVMH; subscription + ad",@le_Parisien
Eurosport France,traditional-broadcast,France,fr,~10M monthly digital reach,https://www.eurosport.fr/football/,(via Eurosport press),Programming,"Eurosport FR football vertical","Comscore FR; WBD; ad + subscription",@Eurosport_FR
20 Minutes Sport,traditional-newspaper,France,fr,~25M monthly visits,https://www.20minutes.fr/sport/,sport@20minutes.fr,Sport Editor,"20 Minutes free daily sport section","SimilarWeb FR; Rossel/SIPA; ad",@20Minutes
WDR Sport,traditional-broadcast,Germany,de,~8M weekly reach,https://www1.wdr.de/sport/,(via WDR press),Producer,"ARD-regional broadcaster sport","WDR public; ARD; public-service",@wdr
Welt Sport,traditional-newspaper,Germany,de,~15M monthly visits,https://www.welt.de/sport/,sport@welt.de,Sport Editor,"Welt's sport section","SimilarWeb DE; Axel Springer; subscription + ad",@welt
SZ Sport,traditional-newspaper,Germany,de,~20M monthly visits,https://www.sueddeutsche.de/sport,sport@sueddeutsche.de,Sport Editor,"Sueddeutsche Zeitung's sport section","SimilarWeb DE; SZ Verlag; subscription + ad",@SZ_Sport
Wereld van Oranje,podcast,Netherlands,nl,~50k weekly downloads,https://www.spotify.com/,(via Spotify),Producer,"Dutch national team focused pod",,@WereldOranje
NU.nl Sport,traditional-newspaper,Netherlands,nl,~30M monthly visits,https://www.nu.nl/sport,sport@nu.nl,Sport Editor,"NU.nl sport section; largest Dutch online news outlet","SimilarWeb NL; DPG Media; ad",@NUnl
RTL Boulevard / Late Night Football,traditional-broadcast,Netherlands,nl,~1M weekly viewers,https://www.rtl.nl/sport,(via RTL NL press),Programming,"RTL NL sport","RTL public; RTL Group; ad",@RTL_Sport
Wereldvoetbal,newsletter,Netherlands,nl,~20k subscribers,https://wereldvoetbal.substack.com/,(via Substack profile),Author,"Dutch football world coverage newsletter","Estimate from Substack; subscription",@wereldvoetbal
Marca Newsletter Diario,newsletter,Spain,es,~300k subscribers,https://www.marca.com/newsletters/,internet@marca.com,Producer,"Marca's daily morning newsletter","Estimate from Unidad Editorial; subscription + ad",@marca
Diario AS Newsletter,newsletter,Spain,es,~200k subscribers,https://as.com/boletines/,redaccion@as.com,Producer,"AS's daily newsletter","Estimate from PRISA; subscription + ad",@diarioas
Andoni Iraola Tactico Substack,substack,Spain,es,~10k subscribers,https://tacticoespanol.substack.com/,(via Substack profile),Author,"Spanish tactical-football newsletter","Estimate from Substack; subscription",@tacticoespanol
La Liga Lowdown,podcast,Spain,en,~80k weekly downloads,https://www.laligalowdown.com/,info@laligalowdown.com,Producer,"English-language LaLiga pod","Estimate from public charts; independent; ad + Patreon",@LaLigaLowdown
RAC1 Tu Diras,podcast,Spain,es,~300k weekly listens,https://www.rac1.cat/,info@rac1.cat,Producer,"Catalan football flagship show; Barca-leaning","Estimate from EGM; Grupo Godo; ad",@RAC1
Cope Tiempo de Juego Newsletter,newsletter,Spain,es,~80k subscribers,https://www.cope.es/,prensa@cope.es,Producer,"Tiempo de Juego daily newsletter","Estimate from COPE; subscription + ad",@tjcope
Ricardo Setyon,social-twitter,Brazil,pt-BR,~300k X followers,https://x.com/ricardosetyon,(via personal),Agent/Reporter,"Brazilian transfer-news beat","Follower count from X; freelance",@ricardosetyon
Ortiz Cruz,social-twitter,Argentina,es,~150k X followers,https://x.com/diegoocruz,(via personal),Reporter,"Argentine football reporter",,@diegoocruz
Goal Mexico,traditional-newspaper,Mexico,es,~10M monthly visits,https://www.goal.com/mx,(via Footballco),Editor,"Goal.com Mexican edition","SimilarWeb MX; Footballco; ad",@goalmx
ESPN MX YouTube,youtube,Mexico,es,~2M YT subs,https://www.youtube.com/@ESPNmx,(via ESPN MX press),Brand Partnerships,"ESPN MX football YouTube","Verified YT subs; Disney; ad + subscription",@ESPNmx
Mediotiempo Newsletter,newsletter,Mexico,es,~100k subscribers,https://www.mediotiempo.com/newsletter,redaccion@mediotiempo.com,Producer,"Mediotiempo's daily football newsletter","Estimate from Televisa; subscription + ad",@mediotiempo
Diretta Calciomercato Sky Newsletter,newsletter,Italy,it,~100k subscribers,https://sport.sky.it/newsletter,(via Sky IT press),Producer,"Sky IT daily transfer newsletter","Estimate from Sky; subscription + ad",@SkySport
Calcio Today Substack,substack,Italy,it,~10k subscribers,https://calciotoday.substack.com/,(via Substack profile),Author,"Independent Italian football newsletter","Estimate from Substack; subscription",@calciotodaynews
James Horncastle,social-twitter,Italy,en,~250k X followers,https://x.com/JamesHorncastle,j.horncastle@theathletic.com,Senior Writer,"Athletic's lead Italian football writer","Follower count from X; The Athletic; subscription",@JamesHorncastle
Tom Worville Athletic Tactics,social-twitter,UK,en,~150k X followers,https://x.com/Worville,t.worville@theathletic.com,Senior Writer,"Athletic data-led football journalist; perfect for stats-driven prediction angle","Follower count from X; The Athletic; subscription",@Worville
John Muller Athletic,social-twitter,USA,en,~70k X followers,https://x.com/johnspacemuller,j.muller@theathletic.com,Senior Writer,"Athletic football tactics writer; analytics community","Follower count from X; The Athletic; subscription",@johnspacemuller
Brentford Bench Press,podcast,UK,en,~30k weekly downloads,https://www.bbc.co.uk/sounds/,(via Independent),Producer,"Brentford fan pod; Premier League niche",,@BeesPressClub
Hand of Pod,podcast,Argentina,en,~50k weekly downloads,https://handofpod.com/,info@handofpod.com,Sam Kelly,"English-language Argentine football pod; bridge to global audience","Estimate from publisher; independent; ad + Patreon",@handofpod
Buenos Aires Herald Sport,traditional-newspaper,Argentina,en,~3M monthly visits,https://buenosairesherald.com/sport,sport@buenosairesherald.com,Sport Editor,"English-language Argentine paper relaunch","SimilarWeb AR; independent; subscription",@BuenosAiresHRLD
Joel Richards,social-twitter,Argentina,en,~80k X followers,https://x.com/joelrichards,(via personal),Freelance,"English-language Argentine football journalist",,@joelrichards
Tim Stillman Arseblog,podcast,UK,en,~150k weekly downloads,https://arseblog.com/,info@arseblog.com,Editor,"Long-running Arsenal blog + pod; one of Premier League's biggest single-club indies","Estimate from publisher; independent; ad + Patreon + subscription",@arseblog
Joey D'Urso,social-twitter,UK,en,~80k X followers,https://x.com/joeydurso,j.durso@theathletic.com,Investigative Reporter,"Athletic investigative football journalist","Follower count from X; The Athletic; subscription",@joeydurso
Anti Football Podcast,podcast,UK,en,~30k weekly downloads,https://www.spotify.com/,(via Spotify),Production Office,"Comedy-football pod; younger audience",,@AntiFootballPod
The Anfield Wrap,podcast,UK,en,~150k weekly downloads,https://theanfieldwrap.com/,info@theanfieldwrap.com,Production Office,"Liverpool fan pod and media network; subscription model","Estimate from publisher; independent; subscription + ad",@TheAnfieldWrap
Blue Moon Podcast,podcast,UK,en,~50k weekly downloads,https://www.bluemoonmcfc.co.uk/,(via Bluemoon),Production Office,"Man City fan pod",,@bluemoonmcfc
Toffee Talk,podcast,UK,en,~30k weekly downloads,https://toffeetalk.com/,info@toffeetalk.com,Production Office,"Everton fan pod and site",,@ToffeeTalk
Goonertalk,youtube,UK,en,~70k YT subs,https://www.youtube.com/@Goonertalk,(via YouTube About page),Channel Owner,"Arsenal-focused podcast and YouTube","Verified YT subs; independent; ad",@Goonertalk
GiveMeSport Football,social-twitter,UK,en,~3.5M X followers,https://x.com/GiveMeSport,info@givemesport.com,Editorial Office,"Global football news brand; massive distribution","Follower count from X; Bet Connect Ltd; ad + affiliate",@GiveMeSport
The Final Third,podcast,UK,en,~30k weekly downloads,https://thefinalthird.substack.com/,(via Substack profile),Producer,"Womens football pod","Estimate from Substack; subscription",@FinalThirdPod
She Kicks,traditional-newspaper,UK,en,~500k monthly visits,https://shekicks.net/,info@shekicks.net,Editor,"Long-running women's football magazine","Estimate from publisher; independent; subscription + ad",@SheKicksMag
Football News (FN),social-instagram,UK,en,~5M IG followers,https://www.footballnews.com/,info@footballnews.com,Brand Partnerships,"Football news IG aggregator","Follower count from IG; independent; ad + brand",@footballnews
B/R Football,social-twitter,USA,en,~8M X followers,https://x.com/brfootball,(via Bleacher Report press),Editorial Office,"Bleacher Report's football arm; massive US distribution","Follower count from X; Warner Bros Discovery; ad",@brfootball
SI Soccer,social-twitter,USA,en,~700k X followers,https://x.com/si_soccer,(via SI),Editorial Office,"SI's soccer X account","Follower count from X; Authentic Brands; ad",@si_soccer
ESPN FC IG,social-instagram,USA,en,~14M IG followers,https://www.instagram.com/espnfc,(via ESPN press),Brand Partnerships,"ESPN FC's global IG account","Follower count from IG; Disney; ad + subscription",@espnfc
Footy Headlines,social-instagram,UK,en,~1.5M IG followers,https://www.footyheadlines.com/,(via site),Editor,"Football kit + leaks IG and site","Follower count from IG; independent; ad + commerce",@footyheadlines
SPORTbible,social-instagram,UK,en,~9M IG followers,https://www.sportbible.com/,info@sportbible.com,Editorial Office,"LADbible's sport arm; mainstream younger audience","Follower count from IG; LBG Media; ad + brand",@sportbible
GOAL FR,social-twitter,France,fr,~600k X followers,https://x.com/GoalFr,(via Footballco),Editor,"Goal.com French edition X","Follower count from X; Footballco; ad",@GoalFr
GOAL DE,social-twitter,Germany,de,~400k X followers,https://x.com/GoalDeutsch,(via Footballco),Editor,"Goal.com German edition X","Follower count from X; Footballco; ad",@GoalDeutsch
GOAL Brasil,social-twitter,Brazil,pt-BR,~2M X followers,https://x.com/goalbr,(via Footballco),Editor,"Goal.com Brazilian X","Follower count from X; Footballco; ad",@goalbr
ESPN Brasil YouTube,youtube,Brazil,pt-BR,~3M YT subs,https://www.youtube.com/@ESPNBrasil,(via ESPN BR press),Brand Partnerships,"ESPN BR football YouTube","Verified YT subs; Disney; ad + subscription",@ESPNBrasil
Bola Pesada Newsletter,newsletter,Brazil,pt-BR,~20k subscribers,https://www.youtube.com/@BolaPesada,(via YouTube About page),Producer,"Brazilian football show newsletter","Estimate from publisher; independent; free",@BolaPesada
Cazefutebol Casemiro,youtube,Brazil,pt-BR,~3M YT subs,https://www.youtube.com/@Cazefutebol,contato@cazefutebol.com.br,Brand Partnerships,"Brazil's biggest reaction and live football show","Verified YT subs; Casimito media; ad + brand",@Cazefutebol
TNT Sports Argentina,traditional-broadcast,Argentina,es,~10M monthly digital reach,https://www.tntsports.com.ar/,(via TNT press),Programming,"WBD Argentine football arm","Comscore AR; WBD; subscription + ad",@TNTSportsAR
TNT Sports Brasil YouTube,youtube,Brazil,pt-BR,~2M YT subs,https://www.youtube.com/@tntsportsbr,(via TNT press),Brand Partnerships,"TNT Sports BR YouTube","Verified YT subs; WBD; subscription + ad",@tntsportsbr
Globo Esporte Cazefutebol Mauro Cezar Newsletter,newsletter,Brazil,pt-BR,~50k subscribers,https://ge.globo.com/blogs/mauro-cezar,(via Globo press),Producer,"Mauro Cezar Pereira blog newsletter","Estimate from Globo; subscription + ad",@globoesportecom
F90 Vignolo IG,social-instagram,Argentina,es,~1M IG followers,https://www.instagram.com/elpolaco,(via ESPN AR press),Host,"Sebastian Vignolo's IG","Follower count from IG; Disney",@elpolaco
Closs Pasion,social-twitter,Argentina,es,~250k X followers,https://x.com/MarianoClossOK,(via ESPN AR press),Commentator,"Mariano Closs ESPN AR commentator","Follower count from X; Disney",@MarianoClossOK
Marca AS Combined Spanish Newsletter Network,newsletter,Spain,es,~500k subscribers,https://www.marca.com/newsletters/,internet@marca.com,Producer,"Combined Marca + AS newsletter reach across Spain","Estimate from Unidad Editorial + PRISA; subscription + ad",@marca
Le Petit Lucarne,podcast,France,fr,~50k weekly downloads,https://www.spotify.com/,(via Spotify),Producer,"French football culture pod",,@LePetitLucarne
RMC Pied Carre,podcast,France,fr,~100k weekly downloads,https://rmc.bfmtv.com/,(via RMC press),Producer,"RMC Sport weekend pod",,@RMCsport
Rothen s'enflamme,podcast,France,fr,~400k weekly listens,https://rmc.bfmtv.com/emission/rothen-s-enflamme/,(via RMC press),Producer,"Jerome Rothen daily football show; massive French audience","Estimate from Mediametrie; Altice; ad",@JeromeRothen
Andre Onana Newsletter,substack,France,fr,~10k subscribers,https://substack.com/,(via Substack profile),Author,"French football tactical newsletter","Estimate from Substack; subscription",@frfootball
Sport Bild,traditional-newspaper,Germany,de,~10M monthly visits,https://sportbild.bild.de/,sport@bild.de,Editor,"Bild's Sport Bild weekly + digital","SimilarWeb DE; Axel Springer; subscription + ad",@SPORTBILD
Christoph Kramer Stadion Newsletter,substack,Germany,de,~15k subscribers,https://substack.com/,(via Substack profile),Author,"German football tactical newsletter","Estimate from Substack; subscription",@stadionnews
Frank Hellmann FAZ,social-twitter,Germany,de,~50k X followers,https://x.com/HellmannFrank,sport@faz.net,Senior Reporter,"FAZ senior football writer","Follower count from X; FAZ; subscription",@HellmannFrank
Marcus Bark NDR,social-twitter,Germany,de,~40k X followers,https://x.com/MarcusBark,(via NDR press),Reporter,"NDR football reporter","Follower count from X; ARD; public-service",@MarcusBark
Voetbalprimeur,traditional-newspaper,Netherlands,nl,~20M monthly visits,https://www.voetbalprimeur.nl/,redactie@voetbalprimeur.nl,Editor,"Dutch football news site","SimilarWeb NL; Footballco; ad",@voetbalprimeur
Soccer NZ,blog,NZ,en,~50k monthly visits,https://www.soccernz.co.nz/,info@soccernz.co.nz,Editor,"NZ football-focused independent site","Estimate from publisher; independent; ad",@SoccerNZ
The Niche Cache,blog,NZ,en,~30k monthly visits,https://www.thenichecache.com/,(via site),Editor,"NZ sport including football coverage","Estimate from publisher; independent; ad + Patreon",@nichecache
NZME Sport Newsletter,newsletter,NZ,en,~30k subscribers,https://www.nzherald.co.nz/newsletters,sport@nzherald.co.nz,Producer,"NZ Herald daily sport newsletter","Estimate from NZME; subscription + ad",@nzherald
