name,type,region,city,website,best_contact_email,best_contact_role,why_target,notes,phone
Northern Region Football (NRF),federation,Auckland + Northland,,https://www.nrf.org.nz/,info@nrf.org.nz (general),General Office,NZ federation: governs N clubs in Auckland + Northland; one yes = many clubs reached,"73 affiliated clubs; ~37,815 registered players",
WaiBOP Football,federation,Waikato + Bay of Plenty,,https://www.waibopfootball.co.nz/,admin@waibopfootball.co.nz,General Office,NZ federation: governs N clubs in Waikato + Bay of Plenty; one yes = many clubs reached,Hamilton + Tauranga offices,
Central Football,federation,Hawkes Bay / Manawatu / Taranaki / Gisborne / Whanganui,,https://www.centralfootball.co.nz/,admin@centralfootball.co.nz,General Office,NZ federation: governs N clubs in Hawkes Bay / Manawatu / Taranaki / Gisborne / Whanganui; one yes = many clubs reached,5 sub-regions,
Capital Football,federation,Greater Wellington / Wairarapa / Kapiti,,https://www.capitalfootball.org.nz/,comms@capitalfootball.org.nz,General Office,NZ federation: governs N clubs in Greater Wellington / Wairarapa / Kapiti; one yes = many clubs reached,42 clubs; office in Petone,
Mainland Football,federation,Canterbury / Nelson / Marlborough / West Coast,,https://www.mainlandfootball.co.nz/,info@mainlandfootball.co.nz,General Office,NZ federation: governs N clubs in Canterbury / Nelson / Marlborough / West Coast; one yes = many clubs reached,"~51 clubs and schools; ~20,000 members",
Southern Football,federation,Otago / Southland / South Canterbury,,https://www.footballsouth.co.nz/,admin@footballsouth.co.nz,General Office,NZ federation: governs N clubs in Otago / Southland / South Canterbury; one yes = many clubs reached,"Logan Park, Dunedin",
New Zealand Football,federation,National (governing),,https://www.nzfootball.co.nz/,info@nzfootball.co.nz,General Office,NZ federation: governs N clubs in National (governing); one yes = many clubs reached,Use for All Whites / FIFA 26 campaign tie-in,
Auckland City FC,senior,Auckland,Auckland (Kiwitea St),https://www.aucklandcityfc.com/,via contact form at /contact/; phone (09) 266 4767,general (NZ club),NZ senior club in Auckland; WC2026 reach via Tournamental free pool,Reigning OFC champs; massive social reach | social: contact form at /contact/; phone (09) 266 4767,
Eastern Suburbs AFC,senior,Auckland,"Kohimarama, Auckland",https://easternsuburbs.org.nz/,secretary@esafc.org.nz,general (NZ club),NZ senior club in Auckland; WC2026 reach via Tournamental free pool,"NPL side, big membership",
Western Springs AFC,senior,Auckland,"Western Springs, Auckland",https://wsafc.org.nz/,football@wsafc.org.nz,general (NZ club),NZ senior club in Auckland; WC2026 reach via Tournamental free pool,Secretary: Claire Turner,
West Coast Rangers FC,senior,Auckland,Hobsonville / Massey,https://wcrfc.co.nz/,via https://www.facebook.com/WestCoastRangersFC/,general (NZ club),NZ senior club in Auckland; WC2026 reach via Tournamental free pool,Northern League | social: https://www.facebook.com/WestCoastRangersFC/,
West Auckland AFC,senior,Auckland,"Te Atatu, Auckland",https://westaucklandafc.co.nz/,via https://westaucklandafc.co.nz/contact,general (NZ club),NZ senior club in Auckland; WC2026 reach via Tournamental free pool, | social: https://westaucklandafc.co.nz/contact,
Birkenhead United AFC,senior,Auckland,"Birkenhead, North Shore",https://birkenheadunited.co.nz/,via https://www.facebook.com/BirkenheadUnitedAFC,general (NZ club),NZ senior club in Auckland; WC2026 reach via Tournamental free pool,NRFL Premier | social: https://www.facebook.com/BirkenheadUnitedAFC,
East Coast Bays AFC,senior,Auckland,"Browns Bay, North Shore",https://www.eastcoastbays.org.nz/,via FB: East Coast Bays AFC,general (NZ club),NZ senior club in Auckland; WC2026 reach via Tournamental free pool, | social: FB: East Coast Bays AFC,
North Shore United AFC,senior,Auckland,"Allen Hill Stadium, Devonport",https://www.nsu.org.nz/,admin@nsu.org.nz,general (NZ club),NZ senior club in Auckland; WC2026 reach via Tournamental free pool,,
Albany United,senior,Auckland,"Albany, North Shore",https://www.albanyunited.co.nz/,via FB: Albany United Football Club,general (NZ club),NZ senior club in Auckland; WC2026 reach via Tournamental free pool, | social: FB: Albany United Football Club,
Glenfield Rovers AFC,senior,Auckland,"Glenfield, North Shore",https://www.glenfieldrovers.co.nz/,via FB: Glenfield Rovers AFC,general (NZ club),NZ senior club in Auckland; WC2026 reach via Tournamental free pool, | social: FB: Glenfield Rovers AFC,
Forrest Hill Milford United,senior,Auckland,"Forrest Hill, North Shore",https://www.fhmafc.co.nz/,via FB: Forrest Hill Milford United AFC,general (NZ club),NZ senior club in Auckland; WC2026 reach via Tournamental free pool, | social: FB: Forrest Hill Milford United AFC,
Takapuna AFC,senior,Auckland,"Takapuna, North Shore",https://www.takapunaafc.org.nz/,via FB: Takapuna AFC,general (NZ club),NZ senior club in Auckland; WC2026 reach via Tournamental free pool, | social: FB: Takapuna AFC,
Hibiscus Coast AFC,senior,Auckland,"Stanmore Bay, Whangaparaoa",https://www.hibiscuscoastafc.co.nz/,via FB: Hibiscus Coast AFC,general (NZ club),NZ senior club in Auckland; WC2026 reach via Tournamental free pool, | social: FB: Hibiscus Coast AFC,
Northern Rovers FC,senior,Auckland,"Birkdale, North Shore",https://www.northernroversfc.co.nz/,via FB: Northern Rovers FC,general (NZ club),NZ senior club in Auckland; WC2026 reach via Tournamental free pool, | social: FB: Northern Rovers FC,
Bay Olympic FC,senior,Auckland,"New Lynn, West Auckland",https://www.bayolympic.org.nz/,via FB: Bay Olympic FC,general (NZ club),NZ senior club in Auckland; WC2026 reach via Tournamental free pool, | social: FB: Bay Olympic FC,
Waitakere City FC,senior,Auckland,"Henderson, West Auckland",https://www.waitakerecityfc.co.nz/,via FB: Waitakere City FC,general (NZ club),NZ senior club in Auckland; WC2026 reach via Tournamental free pool, | social: FB: Waitakere City FC,
Lynn-Avon United AFC,senior,Auckland,"Avondale, West Auckland",https://www.lynnavon.co.nz/,via FB: Lynn Avon United AFC,general (NZ club),NZ senior club in Auckland; WC2026 reach via Tournamental free pool, | social: FB: Lynn Avon United AFC,
Te Atatu AFC,senior,Auckland,"Te Atatu, West Auckland",https://www.teatatuafc.co.nz/,via FB: Te Atatu AFC,general (NZ club),NZ senior club in Auckland; WC2026 reach via Tournamental free pool, | social: FB: Te Atatu AFC,
Ranui Swanson AFC,senior,Auckland,"Ranui, West Auckland",https://www.ranuiswanson.co.nz/,via FB: Ranui Swanson AFC,general (NZ club),NZ senior club in Auckland; WC2026 reach via Tournamental free pool, | social: FB: Ranui Swanson AFC,
Norwest United,senior,Auckland,West Harbour,https://www.norwestunited.co.nz/,via FB: Norwest United,general (NZ club),NZ senior club in Auckland; WC2026 reach via Tournamental free pool, | social: FB: Norwest United,
Waitemata AFC,senior,Auckland,Henderson,https://www.waitemataafc.org.nz/,via FB: Waitemata AFC,general (NZ club),NZ senior club in Auckland; WC2026 reach via Tournamental free pool, | social: FB: Waitemata AFC,
Green Bay-Titirangi United,senior,Auckland,"Green Bay, West Auckland",https://www.gbtu.co.nz/,via FB: GBTU SC,general (NZ club),NZ senior club in Auckland; WC2026 reach via Tournamental free pool, | social: FB: GBTU SC,
Oratia United,senior,Auckland,"Oratia, West Auckland",http://www.oratiaunited.co.nz/,via FB: Oratia United AFC,general (NZ club),NZ senior club in Auckland; WC2026 reach via Tournamental free pool, | social: FB: Oratia United AFC,
Auckland United FC,senior,Auckland,Mt Roskill,https://www.aucklandunitedfc.org.nz/,via https://www.aucklandunitedfc.org.nz/contact,general (NZ club),NZ senior club in Auckland; WC2026 reach via Tournamental free pool,NRFL; merged Roskill + Onehunga Sports women | social: https://www.aucklandunitedfc.org.nz/contact,
Three Kings United,senior,Auckland,"Three Kings, Auckland",https://www.threekingsunited.co.nz/,via FB: Three Kings United,general (NZ club),NZ senior club in Auckland; WC2026 reach via Tournamental free pool,NRFL | social: FB: Three Kings United,
Central United FC,senior,Auckland,Kiwitea St / Western Springs,https://www.centralunitedfc.co.nz/,via FB: Central United FC,general (NZ club),NZ senior club in Auckland; WC2026 reach via Tournamental free pool,Historically Croatian-affiliated; see HNK Auckland Croatia | social: FB: Central United FC,
Onehunga Sports,senior,Auckland,Onehunga,https://www.onehungasports.co.nz/,via FB: Onehunga Sports AFC,general (NZ club),NZ senior club in Auckland; WC2026 reach via Tournamental free pool, | social: FB: Onehunga Sports AFC,
Onehunga Mangere United,senior,Auckland,Mangere,https://www.omu.co.nz/,via FB: Onehunga Mangere United,general (NZ club),NZ senior club in Auckland; WC2026 reach via Tournamental free pool, | social: FB: Onehunga Mangere United,
Ellerslie AFC,senior,Auckland,Ellerslie,https://www.ellersliefc.co.nz/,via FB: Ellerslie AFC,general (NZ club),NZ senior club in Auckland; WC2026 reach via Tournamental free pool, | social: FB: Ellerslie AFC,
Mt Albert-Ponsonby AFC,senior,Auckland,Mt Albert,https://www.mapafc.co.nz/,via FB: Mt Albert Ponsonby AFC,general (NZ club),NZ senior club in Auckland; WC2026 reach via Tournamental free pool, | social: FB: Mt Albert Ponsonby AFC,
Metro FC,senior,Auckland,Western Springs,https://www.metrofc.co.nz/,via FB: Metro FC,general (NZ club),NZ senior club in Auckland; WC2026 reach via Tournamental free pool,NRFL | social: FB: Metro FC,
Manukau United FC,senior,Auckland,Manukau,https://www.manukauunited.co.nz/,via FB: Manukau United FC,general (NZ club),NZ senior club in Auckland; WC2026 reach via Tournamental free pool,NRFL | social: FB: Manukau United FC,
Manurewa AFC,senior,Auckland,Manurewa,https://www.manurewaafc.co.nz/,via FB: Manurewa AFC,general (NZ club),NZ senior club in Auckland; WC2026 reach via Tournamental free pool, | social: FB: Manurewa AFC,
Papatoetoe AFC,senior,Auckland,Papatoetoe,https://www.papatoetoeafc.co.nz/,via FB: Papatoetoe AFC,general (NZ club),NZ senior club in Auckland; WC2026 reach via Tournamental free pool, | social: FB: Papatoetoe AFC,
Papakura City FC,senior,Auckland,Papakura,https://www.papakuracityfc.co.nz/,via FB: Papakura City FC,general (NZ club),NZ senior club in Auckland; WC2026 reach via Tournamental free pool, | social: FB: Papakura City FC,
Fencibles United AFC,senior,Auckland,Pakuranga / Bucklands Beach,https://www.fencibles.co.nz/,via FB: Fencibles United AFC,general (NZ club),NZ senior club in Auckland; WC2026 reach via Tournamental free pool, | social: FB: Fencibles United AFC,
Bucklands Beach AFC,senior,Auckland,Bucklands Beach,https://www.bbafc.co.nz/,via FB: Bucklands Beach AFC,general (NZ club),NZ senior club in Auckland; WC2026 reach via Tournamental free pool, | social: FB: Bucklands Beach AFC,
Beachlands Maraetai AFC,senior,Auckland,Beachlands,https://www.bmafc.co.nz/,via FB: Beachlands Maraetai AFC,general (NZ club),NZ senior club in Auckland; WC2026 reach via Tournamental free pool, | social: FB: Beachlands Maraetai AFC,
Franklin United FC,senior,Auckland,Pukekohe,https://www.franklinunited.co.nz/,via FB: Franklin United FC,general (NZ club),NZ senior club in Auckland; WC2026 reach via Tournamental free pool, | social: FB: Franklin United FC,
Waiheke United AFC,senior,Auckland,Waiheke Island,https://www.waihekeunited.co.nz/,via FB: Waiheke United AFC,general (NZ club),NZ senior club in Auckland; WC2026 reach via Tournamental free pool, | social: FB: Waiheke United AFC,
Greenhithe FC,senior,Auckland,Greenhithe,https://www.greenhithefc.co.nz/,via FB: Greenhithe FC,general (NZ club),NZ senior club in Auckland; WC2026 reach via Tournamental free pool, | social: FB: Greenhithe FC,
Wanderers Special Club,senior,Auckland,Auckland,(no site),"via FB search ""Wanderers Special Club""",general (NZ club),NZ senior club in Auckland; WC2026 reach via Tournamental free pool,"Players with intellectual disabilities | social: FB search ""Wanderers Special Club""",
South Auckland Rangers,senior,Auckland,South Auckland,(Sporty page),via FB: South Auckland Rangers,general (NZ club),NZ senior club in Auckland; WC2026 reach via Tournamental free pool, | social: FB: South Auckland Rangers,
Courier Rangers AFC,senior,Auckland,Auckland,(Sporty page),via FB: Courier Rangers AFC,general (NZ club),NZ senior club in Auckland; WC2026 reach via Tournamental free pool, | social: FB: Courier Rangers AFC,
Mangere United,senior,Auckland,Mangere,(Sporty page),via FB: Mangere United AFC,general (NZ club),NZ senior club in Auckland; WC2026 reach via Tournamental free pool, | social: FB: Mangere United AFC,
Otahuhu United,senior,Auckland,Otahuhu,(Sporty page),via FB: Otahuhu United AFC,general (NZ club),NZ senior club in Auckland; WC2026 reach via Tournamental free pool, | social: FB: Otahuhu United AFC,
Kerikeri AFC,senior,Northland,Kerikeri,(Sporty page),via FB: Kerikeri AFC,general (NZ club),NZ senior club in Northland; WC2026 reach via Tournamental free pool, | social: FB: Kerikeri AFC,
Whangarei City Reds (NRFC),senior,Northland,Whangarei,https://www.whangareicityfc.co.nz/,via FB: Whangarei City FC,general (NZ club),NZ senior club in Northland; WC2026 reach via Tournamental free pool,Northland's largest | social: FB: Whangarei City FC,
Onerahi Football Club,senior,Northland,"Onerahi, Whangarei",(Sporty page),via FB: Onerahi Football Club,general (NZ club),NZ senior club in Northland; WC2026 reach via Tournamental free pool, | social: FB: Onerahi Football Club,
Kamo Soccer Club,senior,Northland,"Kamo, Whangarei",(Sporty page),via FB: Kamo Soccer Club,general (NZ club),NZ senior club in Northland; WC2026 reach via Tournamental free pool, | social: FB: Kamo Soccer Club,
Hamilton Wanderers AFC,senior,Waikato,Hamilton,https://www.hamiltonwanderers.co.nz/,via FB: Hamilton Wanderers AFC,general (NZ club),NZ senior club in Waikato; WC2026 reach via Tournamental free pool,NPL Northern Conference | social: FB: Hamilton Wanderers AFC,
Claudelands Rovers,senior,Waikato,Hamilton,https://www.claudelandsrovers.co.nz/,via FB: Claudelands Rovers,general (NZ club),NZ senior club in Waikato; WC2026 reach via Tournamental free pool, | social: FB: Claudelands Rovers,
Hamilton Marist,senior,Waikato,Hamilton,https://www.hamiltonmarist.co.nz/,via FB: Hamilton Marist,general (NZ club),NZ senior club in Waikato; WC2026 reach via Tournamental free pool, | social: FB: Hamilton Marist,
Hillcrest United,senior,Waikato,Hamilton,https://www.hillcrestunited.co.nz/,via FB: Hillcrest United,general (NZ club),NZ senior club in Waikato; WC2026 reach via Tournamental free pool, | social: FB: Hillcrest United,
Melville United,senior,Waikato,Hamilton,https://www.melvilleunited.co.nz/,via FB: Melville United AFC,general (NZ club),NZ senior club in Waikato; WC2026 reach via Tournamental free pool,NPL side | social: FB: Melville United AFC,
Northern United,senior,Waikato,Hamilton,https://www.northern.org.nz/,via FB: Northern United,general (NZ club),NZ senior club in Waikato; WC2026 reach via Tournamental free pool, | social: FB: Northern United,
Glenview United,senior,Waikato,Hamilton,(Sporty page),via FB: Glenview United Football,general (NZ club),NZ senior club in Waikato; WC2026 reach via Tournamental free pool, | social: FB: Glenview United Football,
Western United,senior,Waikato,Hamilton,(Sporty page),via FB: Western United Hamilton,general (NZ club),NZ senior club in Waikato; WC2026 reach via Tournamental free pool, | social: FB: Western United Hamilton,
West Hamilton United,senior,Waikato,Hamilton,(Sporty page),via FB: West Hamilton United,general (NZ club),NZ senior club in Waikato; WC2026 reach via Tournamental free pool, | social: FB: West Hamilton United,
Waikato Unicol AFC,senior + uni,Waikato,Hamilton (Uni of Waikato),http://www.unicol.org.nz/,via FB: Waikato Unicol AFC,general (NZ club),NZ senior + uni club in Waikato; WC2026 reach via Tournamental free pool,Founded 1960; ~10 teams | social: FB: Waikato Unicol AFC,
Cambridge FC,senior,Waikato,Cambridge,https://www.cambridgefootball.co.nz/,via FB: Cambridge FC,general (NZ club),NZ senior club in Waikato; WC2026 reach via Tournamental free pool, | social: FB: Cambridge FC,
Huntly Thistle AFC,senior,Waikato,Huntly,(Sporty page),via FB: Huntly Thistle AFC,general (NZ club),NZ senior club in Waikato; WC2026 reach via Tournamental free pool, | social: FB: Huntly Thistle AFC,
Matamata Swifts,senior,Waikato,Matamata,(Sporty page),via FB: Matamata Swifts AFC,general (NZ club),NZ senior club in Waikato; WC2026 reach via Tournamental free pool, | social: FB: Matamata Swifts AFC,
Morrinsville FC,senior,Waikato,Morrinsville,(Sporty page),via FB: Morrinsville Football Club,general (NZ club),NZ senior club in Waikato; WC2026 reach via Tournamental free pool, | social: FB: Morrinsville Football Club,
Ngahinapouri FC,senior,Waikato,Ngahinapouri,(Sporty page),via FB: Ngahinapouri FC,general (NZ club),NZ senior club in Waikato; WC2026 reach via Tournamental free pool, | social: FB: Ngahinapouri FC,
Ngaruawahia United,senior,Waikato,Ngaruawahia,(Sporty page),via FB: Ngaruawahia United AFC,general (NZ club),NZ senior club in Waikato; WC2026 reach via Tournamental free pool, | social: FB: Ngaruawahia United AFC,
Otorohanga FC,senior,Waikato,Otorohanga,(Sporty page),via FB: Otorohanga FC,general (NZ club),NZ senior club in Waikato; WC2026 reach via Tournamental free pool, | social: FB: Otorohanga FC,
Putaruru Rangers,senior,Waikato,Putaruru,(Sporty page),via FB: Putaruru Rangers,general (NZ club),NZ senior club in Waikato; WC2026 reach via Tournamental free pool, | social: FB: Putaruru Rangers,
Te Awamutu AFC,senior,Waikato,Te Awamutu,(Sporty page),via FB: Te Awamutu AFC,general (NZ club),NZ senior club in Waikato; WC2026 reach via Tournamental free pool, | social: FB: Te Awamutu AFC,
Tokoroa AFC,senior,Waikato,Tokoroa,(Sporty page),via FB: Tokoroa AFC,general (NZ club),NZ senior club in Waikato; WC2026 reach via Tournamental free pool, | social: FB: Tokoroa AFC,
Te Aroha Cobras,junior,Waikato,Te Aroha,(Sporty page),via FB: Te Aroha Cobras,general (NZ club),NZ junior club in Waikato; WC2026 reach via Tournamental free pool,Juniors | social: FB: Te Aroha Cobras,
Tauranga City AFC,senior,BOP,Tauranga,https://www.taurangacity.co.nz/,via FB: Tauranga City AFC,general (NZ club),NZ senior club in BOP; WC2026 reach via Tournamental free pool,NPL Central | social: FB: Tauranga City AFC,
Tauranga Blue Rovers,senior,BOP,Tauranga,(Sporty page),via FB: Tauranga Blue Rovers,general (NZ club),NZ senior club in BOP; WC2026 reach via Tournamental free pool, | social: FB: Tauranga Blue Rovers,
FC Tauranga Moana,senior,BOP,Tauranga,https://www.fctaurangamoana.co.nz/,via FB: FC Tauranga Moana,general (NZ club),NZ senior club in BOP; WC2026 reach via Tournamental free pool, | social: FB: FC Tauranga Moana,
Otumoetai FC,senior,BOP,Tauranga,https://www.otumoetaifc.co.nz/,via FB: Otumoetai FC,general (NZ club),NZ senior club in BOP; WC2026 reach via Tournamental free pool,Big junior section | social: FB: Otumoetai FC,
Papamoa FC,senior + junior,BOP,Papamoa,https://www.papamoafc.co.nz/,via FB: Papamoa FC,general (NZ club),NZ senior + junior club in BOP; WC2026 reach via Tournamental free pool, | social: FB: Papamoa FC,
Katikati FC,senior,BOP,Katikati,(Sporty page),via FB: Katikati FC,general (NZ club),NZ senior club in BOP; WC2026 reach via Tournamental free pool, | social: FB: Katikati FC,
Omokoroa FC,senior,BOP,Omokoroa,(Sporty page),via FB: Omokoroa FC,general (NZ club),NZ senior club in BOP; WC2026 reach via Tournamental free pool, | social: FB: Omokoroa FC,
Te Puke United,senior,BOP,Te Puke,(Sporty page),via FB: Te Puke United AFC,general (NZ club),NZ senior club in BOP; WC2026 reach via Tournamental free pool, | social: FB: Te Puke United AFC,
Waipuna FC,senior,BOP,Mt Maunganui,(Sporty page),via FB: Waipuna FC,general (NZ club),NZ senior club in BOP; WC2026 reach via Tournamental free pool, | social: FB: Waipuna FC,
Lakes United FC (Rotorua),senior,BOP,Rotorua,https://www.lakesunited.co.nz/,via FB: Lakes United Rotorua,general (NZ club),NZ senior club in BOP; WC2026 reach via Tournamental free pool, | social: FB: Lakes United Rotorua,
Ngongotaha AFC,senior,BOP,Ngongotaha (Rotorua),(Sporty page),via FB: Ngongotaha AFC,general (NZ club),NZ senior club in BOP; WC2026 reach via Tournamental free pool, | social: FB: Ngongotaha AFC,
Westbrook AFC,senior + junior,BOP,Rotorua,(Sporty page),via FB: Westbrook Soccer,general (NZ club),NZ senior + junior club in BOP; WC2026 reach via Tournamental free pool, | social: FB: Westbrook Soccer,
Taupo AFC,senior,BOP,Taupo,https://www.taupoafc.co.nz/,via FB: Taupo AFC,general (NZ club),NZ senior club in BOP; WC2026 reach via Tournamental free pool, | social: FB: Taupo AFC,
Waiariki FC,senior,BOP,Rotorua,(Sporty page),via FB: Waiariki FC,general (NZ club),NZ senior club in BOP; WC2026 reach via Tournamental free pool, | social: FB: Waiariki FC,
Mangakino United Women,senior (W),King Country,Mangakino,(Sporty page),via FB: Mangakino United,general (NZ club),NZ senior (W) club in King Country; WC2026 reach via Tournamental free pool,Women's club | social: FB: Mangakino United,
Napier City Rovers FC,senior,Hawkes Bay,Napier,https://www.cityrovers.co.nz/,admin@cityrovers.co.nz,general (NZ club),NZ senior club in Hawkes Bay; WC2026 reach via Tournamental free pool,NPL Central; biggest in HB,
Port Hill United FC,senior + junior,Hawkes Bay,Napier,(Sporty page),via FB: Port Hill United,general (NZ club),NZ senior + junior club in Hawkes Bay; WC2026 reach via Tournamental free pool, | social: FB: Port Hill United,
Taradale AFC,senior,Hawkes Bay,Napier,(Sporty page),via FB: Taradale AFC,general (NZ club),NZ senior club in Hawkes Bay; WC2026 reach via Tournamental free pool, | social: FB: Taradale AFC,
Hastings Hibernian Sports Club,senior,Hawkes Bay,Hastings,(Sporty page),via FB: Hastings Hibernian,general (NZ club),NZ senior club in Hawkes Bay; WC2026 reach via Tournamental free pool, | social: FB: Hastings Hibernian,
Haumoana FC,senior,Hawkes Bay,Haumoana,(Sporty page),via FB: Haumoana FC,general (NZ club),NZ senior club in Hawkes Bay; WC2026 reach via Tournamental free pool, | social: FB: Haumoana FC,
Havelock North Wanderers AFC,senior,Hawkes Bay,Havelock North,(Sporty page),via FB: Havelock North Wanderers,general (NZ club),NZ senior club in Hawkes Bay; WC2026 reach via Tournamental free pool, | social: FB: Havelock North Wanderers,
Maycenvale United AFC,senior,Hawkes Bay,Hastings,(Sporty page),via FB: Maycenvale United,general (NZ club),NZ senior club in Hawkes Bay; WC2026 reach via Tournamental free pool, | social: FB: Maycenvale United,
Western Rangers FC,senior,Hawkes Bay,Hastings,(Sporty page),via FB: Western Rangers FC HB,general (NZ club),NZ senior club in Hawkes Bay; WC2026 reach via Tournamental free pool, | social: FB: Western Rangers FC HB,
Eskview United FC,senior + junior,Hawkes Bay,Bay View,(Sporty page),via FB: Eskview United FC,general (NZ club),NZ senior + junior club in Hawkes Bay; WC2026 reach via Tournamental free pool, | social: FB: Eskview United FC,
Central Hawke's Bay AFC,senior + junior,Hawkes Bay,Waipukurau,(Sporty page),via FB: Central Hawkes Bay Football,general (NZ club),NZ senior + junior club in Hawkes Bay; WC2026 reach via Tournamental free pool, | social: FB: Central Hawkes Bay Football,
Palmerston North United FC,senior,Manawatu,Palmerston North,https://www.sporty.co.nz/PNUFC/,secretary.pnufc@gmail.com,general (NZ club),NZ senior club in Manawatu; WC2026 reach via Tournamental free pool,Secretary: Liam Finlayson,
Massey University FC,senior + uni,Manawatu,Palmerston North,https://www.sporty.co.nz/mufootball/,masseyunifc@gmail.com,general (NZ club),NZ senior + uni club in Manawatu; WC2026 reach via Tournamental free pool,Now operates under PNUFC umbrella,
PN Marist FC,senior + junior,Manawatu,Palmerston North,https://x.com/marist_pn,via FB: PN Marist FC,general (NZ club),NZ senior + junior club in Manawatu; WC2026 reach via Tournamental free pool, | social: FB: PN Marist FC,
Red Sox Manawatu SC,senior,Manawatu,Palmerston North,(Sporty page),via FB: Red Sox Manawatu,general (NZ club),NZ senior club in Manawatu; WC2026 reach via Tournamental free pool, | social: FB: Red Sox Manawatu,
North End AFC,senior,Manawatu,Palmerston North,(Sporty page),via FB: North End AFC PN,general (NZ club),NZ senior club in Manawatu; WC2026 reach via Tournamental free pool, | social: FB: North End AFC PN,
Takaro AFC,senior,Manawatu,Palmerston North,(Sporty page),via FB: Takaro AFC,general (NZ club),NZ senior club in Manawatu; WC2026 reach via Tournamental free pool, | social: FB: Takaro AFC,
Feilding United AFC,senior,Manawatu,Feilding,(Sporty page),via FB: Feilding United AFC,general (NZ club),NZ senior club in Manawatu; WC2026 reach via Tournamental free pool, | social: FB: Feilding United AFC,
Levin AFC,senior,Manawatu,Levin,(Sporty page),via FB: Levin AFC,general (NZ club),NZ senior club in Manawatu; WC2026 reach via Tournamental free pool, | social: FB: Levin AFC,
Ashhurst Pohangina FC,senior,Manawatu,Ashhurst,(Sporty page),via FB: Ashhurst Pohangina,general (NZ club),NZ senior club in Manawatu; WC2026 reach via Tournamental free pool, | social: FB: Ashhurst Pohangina,
Linton FC,senior,Manawatu,Linton (army base),(Sporty page),via FB: Linton FC,general (NZ club),NZ senior club in Manawatu; WC2026 reach via Tournamental free pool, | social: FB: Linton FC,
Dannevirke SC,senior,Manawatu,Dannevirke,(Sporty page),via FB: Dannevirke Sports Club,general (NZ club),NZ senior club in Manawatu; WC2026 reach via Tournamental free pool, | social: FB: Dannevirke Sports Club,
Pahiatua FC,senior,Manawatu,Pahiatua,(Sporty page),via FB: Pahiatua FC,general (NZ club),NZ senior club in Manawatu; WC2026 reach via Tournamental free pool, | social: FB: Pahiatua FC,
Bulls-Ohakea Junior FC,junior,Manawatu,Bulls,(Sporty page),via FB: Bulls Ohakea Football,general (NZ club),NZ junior club in Manawatu; WC2026 reach via Tournamental free pool, | social: FB: Bulls Ohakea Football,
Manawatu Plunderers FC,senior,Manawatu,Palmerston North,(Sporty page),via FB: Manawatu Plunderers,general (NZ club),NZ senior club in Manawatu; WC2026 reach via Tournamental free pool, | social: FB: Manawatu Plunderers,
Ruahine AFC,senior,Manawatu,Woodville,(Sporty page),via FB: Ruahine AFC,general (NZ club),NZ senior club in Manawatu; WC2026 reach via Tournamental free pool, | social: FB: Ruahine AFC,
Hawks Women's SC,senior (W),Manawatu,Palmerston North,(Sporty page),via FB: Hawks Womens SC,general (NZ club),NZ senior (W) club in Manawatu; WC2026 reach via Tournamental free pool, | social: FB: Hawks Womens SC,
New Plymouth Rangers AFC,senior,Taranaki,New Plymouth,https://www.newplymouthrangers.co.nz/,via FB: New Plymouth Rangers,general (NZ club),NZ senior club in Taranaki; WC2026 reach via Tournamental free pool,Premier Taranaki club | social: FB: New Plymouth Rangers,
Inglewood United AFC,senior,Taranaki,Inglewood,(Sporty page),via FB: Inglewood United AFC,general (NZ club),NZ senior club in Taranaki; WC2026 reach via Tournamental free pool, | social: FB: Inglewood United AFC,
Moturoa AFC,senior,Taranaki,New Plymouth,(Sporty page),via FB: Moturoa AFC,general (NZ club),NZ senior club in Taranaki; WC2026 reach via Tournamental free pool, | social: FB: Moturoa AFC,
New Plymouth Boys' Old Boys,senior,Taranaki,New Plymouth,(Sporty page),via FB: NPOB Football,general (NZ club),NZ senior club in Taranaki; WC2026 reach via Tournamental free pool, | social: FB: NPOB Football,
FC 2010 Taranaki,senior,Taranaki,New Plymouth,(Sporty page),via FB: FC 2010 Taranaki,general (NZ club),NZ senior club in Taranaki; WC2026 reach via Tournamental free pool, | social: FB: FC 2010 Taranaki,
Wanganui Athletic AFC,senior,Whanganui,Whanganui,https://www.wanganuiathletic.co.nz/,via FB: Wanganui Athletic FC,general (NZ club),NZ senior club in Whanganui; WC2026 reach via Tournamental free pool, | social: FB: Wanganui Athletic FC,
Wanganui City College FC,senior,Whanganui,Whanganui,(Sporty page),via FB search,general (NZ club),NZ senior club in Whanganui; WC2026 reach via Tournamental free pool, | social: FB search,
Gisborne Thistle AFC,senior,Gisborne,Gisborne,https://www.gisbornethistle.co.nz/,via FB: Gisborne Thistle,general (NZ club),NZ senior club in Gisborne; WC2026 reach via Tournamental free pool, | social: FB: Gisborne Thistle,
Gisborne United FC,senior,Gisborne,Gisborne,(Sporty page),via FB: Gisborne United,general (NZ club),NZ senior club in Gisborne; WC2026 reach via Tournamental free pool, | social: FB: Gisborne United,
Miramar Rangers AFC,senior,Wellington,"Miramar, Wellington",https://www.miramarrangers.co.nz/,secretary@miramarrangers.co.nz,general (NZ club),NZ senior club in Wellington; WC2026 reach via Tournamental free pool,Founded 1907; NPL Central,
Wellington Olympic AFC,senior + community,Wellington,"Mt Albert Park, Wellington",https://www.olympicafc.org.nz/,via https://www.olympicafc.org.nz/contact-us,general (NZ club),NZ senior + community club in Wellington; WC2026 reach via Tournamental free pool,"""The Greeks""; ~500+ members; GOYANZ Greek community | social: https://www.olympicafc.org.nz/contact-us",
Wellington United Diamonds AFC,senior,Wellington,"Newtown Park, Wellington",https://wellingtonunited.org.nz/,via FB: Wellington United AFC,general (NZ club),NZ senior club in Wellington; WC2026 reach via Tournamental free pool, | social: FB: Wellington United AFC,
Western Suburbs AFC,senior,Wellington,Porirua,https://www.westernsuburbs.org.nz/,via FB: Western Suburbs Football,general (NZ club),NZ senior club in Wellington; WC2026 reach via Tournamental free pool,NPL Central | social: FB: Western Suburbs Football,
North Wellington AFC,senior,Wellington,Johnsonville,https://www.northwellington.co.nz/,via FB: North Wellington AFC,general (NZ club),NZ senior club in Wellington; WC2026 reach via Tournamental free pool, | social: FB: North Wellington AFC,
Petone FC,senior,Wellington,Petone,https://www.petonefc.org.nz/,via FB: Petone Football Club,general (NZ club),NZ senior club in Wellington; WC2026 reach via Tournamental free pool, | social: FB: Petone Football Club,
Island Bay United AFC,senior,Wellington,"Island Bay, Wellington",https://www.islandbayunited.org.nz/,via FB: Island Bay United AFC,general (NZ club),NZ senior club in Wellington; WC2026 reach via Tournamental free pool, | social: FB: Island Bay United AFC,
Wellington Phoenix Reserves,senior,Wellington,Wellington,https://wellingtonphoenix.com/,via (Phoenix media),general (NZ club),NZ senior club in Wellington; WC2026 reach via Tournamental free pool,A-League club; has Reserves squad | social: (Phoenix media),
Waterside Karori,senior,Wellington,Karori,https://www.watersidekarori.co.nz/,via FB: Waterside Karori,general (NZ club),NZ senior club in Wellington; WC2026 reach via Tournamental free pool,Merger of Waterside (1921) + Karori (1912) | social: FB: Waterside Karori,
Stop Out Sports Club,senior,Wellington,Lower Hutt,https://www.stopoutsports.co.nz/,via FB: Stop Out FC,general (NZ club),NZ senior club in Wellington; WC2026 reach via Tournamental free pool, | social: FB: Stop Out FC,
Lower Hutt City AFC,senior,Wellington,Lower Hutt,https://www.lowerhuttcity.co.nz/,via FB: Lower Hutt City AFC,general (NZ club),NZ senior club in Wellington; WC2026 reach via Tournamental free pool, | social: FB: Lower Hutt City AFC,
Upper Hutt City Football,senior,Wellington,Upper Hutt,https://www.upperhuttcityfootball.co.nz/,via FB: Upper Hutt City Football,general (NZ club),NZ senior club in Wellington; WC2026 reach via Tournamental free pool, | social: FB: Upper Hutt City Football,
Naenae AFC,senior,Wellington,"Naenae, Lower Hutt",https://www.naenae.co.nz/,via FB: Naenae AFC,general (NZ club),NZ senior club in Wellington; WC2026 reach via Tournamental free pool, | social: FB: Naenae AFC,
Wainuiomata AFC,senior,Wellington,Wainuiomata,(Sporty page),via FB: Wainuiomata AFC,general (NZ club),NZ senior club in Wellington; WC2026 reach via Tournamental free pool, | social: FB: Wainuiomata AFC,
Brooklyn Northern United,senior,Wellington,"Brooklyn, Wellington",https://www.bnu.org.nz/,via FB: Brooklyn Northern United,general (NZ club),NZ senior club in Wellington; WC2026 reach via Tournamental free pool, | social: FB: Brooklyn Northern United,
Tawa AFC,senior,Wellington,Tawa,https://www.tawaafc.co.nz/,via FB: Tawa AFC,general (NZ club),NZ senior club in Wellington; WC2026 reach via Tournamental free pool, | social: FB: Tawa AFC,
Karori Swifts AFC,senior,Wellington,Karori,(Sporty page),via FB: Karori Swifts,general (NZ club),NZ senior club in Wellington; WC2026 reach via Tournamental free pool, | social: FB: Karori Swifts,
Seatoun AFC,senior,Wellington,Seatoun,(Sporty page),via FB: Seatoun AFC,general (NZ club),NZ senior club in Wellington; WC2026 reach via Tournamental free pool, | social: FB: Seatoun AFC,
Wellington Olympic Greek Community,community,Wellington,Wellington,https://www.greek.org.nz/,enquiries@greek.org.nz,general (NZ club),NZ community club in Wellington; WC2026 reach via Tournamental free pool,Greek Orthodox Community of Wellington - 14 associations,
Kapiti Coast United FC,senior,Kapiti,Paraparaumu,https://www.kapiticoastunited.co.nz/,via FB: Kapiti Coast United,general (NZ club),NZ senior club in Kapiti; WC2026 reach via Tournamental free pool, | social: FB: Kapiti Coast United,
Paekakariki Football Club,senior,Kapiti,Paekakariki,(Sporty page),via FB: Paekakariki FC,general (NZ club),NZ senior club in Kapiti; WC2026 reach via Tournamental free pool, | social: FB: Paekakariki FC,
Waikanae AFC,senior,Kapiti,Waikanae,(Sporty page),via FB: Waikanae AFC,general (NZ club),NZ senior club in Kapiti; WC2026 reach via Tournamental free pool, | social: FB: Waikanae AFC,
Wairarapa United FC,senior,Wairarapa,Masterton,https://www.wairarapaunitedfc.co.nz/,via FB: Wairarapa United FC,general (NZ club),NZ senior club in Wairarapa; WC2026 reach via Tournamental free pool,Central League | social: FB: Wairarapa United FC,
Greytown AFC,senior,Wairarapa,Greytown,(Sporty page),via FB: Greytown AFC,general (NZ club),NZ senior club in Wairarapa; WC2026 reach via Tournamental free pool, | social: FB: Greytown AFC,
Horowhenua-Kapiti United,senior,Horowhenua,Levin / Kapiti,(Sporty page),via FB search,general (NZ club),NZ senior club in Horowhenua; WC2026 reach via Tournamental free pool, | social: FB search,
Cashmere Technical FC,senior,Canterbury,Christchurch (Garrick Park),https://www.ctfc.co.nz/,via https://www.ctfc.co.nz/contact,general (NZ club),NZ senior club in Canterbury; WC2026 reach via Tournamental free pool,Southern League; large junior section | social: https://www.ctfc.co.nz/contact,
Christchurch United FC,senior,Canterbury,"English Park, Christchurch",https://www.christchurchunited.com/,via FB: Christchurch United FC,general (NZ club),NZ senior club in Canterbury; WC2026 reach via Tournamental free pool,Southern League powerhouse | social: FB: Christchurch United FC,
Coastal Spirit FC,senior,Canterbury,New Brighton,https://www.coastalspirit.org.nz/,via FB: Coastal Spirit FC,general (NZ club),NZ senior club in Canterbury; WC2026 reach via Tournamental free pool,Southern League | social: FB: Coastal Spirit FC,
Christchurch Thistle AFC,senior,Canterbury,Christchurch,https://www.christchurchthistle.co.nz/,via FB: Christchurch Thistle,general (NZ club),NZ senior club in Canterbury; WC2026 reach via Tournamental free pool, | social: FB: Christchurch Thistle,
Nomads United AFC,senior,Canterbury,Christchurch,https://www.nomadsunited.co.nz/,via FB: Nomads United AFC,general (NZ club),NZ senior club in Canterbury; WC2026 reach via Tournamental free pool, | social: FB: Nomads United AFC,
Ferrymead Bays FC,senior,Canterbury,Christchurch,https://www.ferrymeadbays.com/,via FB: Ferrymead Bays FC,general (NZ club),NZ senior club in Canterbury; WC2026 reach via Tournamental free pool,Southern League | social: FB: Ferrymead Bays FC,
Halswell United FC,senior,Canterbury,"Halswell, Christchurch",https://www.halswellunitedfc.co.nz/,via FB: Halswell United FC,general (NZ club),NZ senior club in Canterbury; WC2026 reach via Tournamental free pool, | social: FB: Halswell United FC,
Parklands United AFC,senior,Canterbury,"Parklands, Christchurch",https://www.parklandsunited.co.nz/,via FB: Parklands United,general (NZ club),NZ senior club in Canterbury; WC2026 reach via Tournamental free pool, | social: FB: Parklands United,
New Brighton AFC,senior,Canterbury,New Brighton,https://www.newbrightonafc.co.nz/,via FB: New Brighton AFC,general (NZ club),NZ senior club in Canterbury; WC2026 reach via Tournamental free pool, | social: FB: New Brighton AFC,
Burnside AFC,senior,Canterbury,"Burnside, Christchurch",https://www.burnsideafc.co.nz/,via FB: Burnside AFC,general (NZ club),NZ senior club in Canterbury; WC2026 reach via Tournamental free pool, | social: FB: Burnside AFC,
Western AFC,senior,Canterbury,Christchurch,https://www.westernafc.co.nz/,via FB: Western AFC,general (NZ club),NZ senior club in Canterbury; WC2026 reach via Tournamental free pool, | social: FB: Western AFC,
Rangers AFC,senior,Canterbury,Christchurch,https://www.rangersafc.co.nz/,via FB: Rangers AFC,general (NZ club),NZ senior club in Canterbury; WC2026 reach via Tournamental free pool, | social: FB: Rangers AFC,
Christchurch High School Old Boys,senior,Canterbury,Christchurch,(Sporty page),via FB: CHSOB Football,general (NZ club),NZ senior club in Canterbury; WC2026 reach via Tournamental free pool, | social: FB: CHSOB Football,
Avon United AFC,senior,Canterbury,Christchurch,(Sporty page),via FB: Avon United AFC,general (NZ club),NZ senior club in Canterbury; WC2026 reach via Tournamental free pool, | social: FB: Avon United AFC,
FC Twenty 11,senior,Canterbury,Christchurch,https://www.fctwenty11.co.nz/,via FB: FC Twenty 11,general (NZ club),NZ senior club in Canterbury; WC2026 reach via Tournamental free pool, | social: FB: FC Twenty 11,
Selwyn United FC,senior,Canterbury,Rolleston / Selwyn,https://www.selwynunitedfc.co.nz/,via FB: Selwyn United FC,general (NZ club),NZ senior club in Canterbury; WC2026 reach via Tournamental free pool, | social: FB: Selwyn United FC,
Mid-Canterbury FA,senior,Canterbury,Ashburton,(Sporty page),via FB: Mid Canterbury Football,general (NZ club),NZ senior club in Canterbury; WC2026 reach via Tournamental free pool, | social: FB: Mid Canterbury Football,
Nelson Suburbs FC,senior,Nelson,Nelson,https://www.nelsonsuburbs.co.nz/,via FB: Nelson Suburbs FC,general (NZ club),NZ senior club in Nelson; WC2026 reach via Tournamental free pool,Southern League | social: FB: Nelson Suburbs FC,
Tahuna AFC,senior,Nelson,Nelson,(Sporty page),via FB: Tahuna AFC,general (NZ club),NZ senior club in Nelson; WC2026 reach via Tournamental free pool, | social: FB: Tahuna AFC,
FC Nelson,senior,Nelson,Nelson,https://www.fcnelson.co.nz/,via FB: FC Nelson,general (NZ club),NZ senior club in Nelson; WC2026 reach via Tournamental free pool, | social: FB: FC Nelson,
Richmond AFC,senior,Nelson,Richmond,(Sporty page),via FB: Richmond AFC,general (NZ club),NZ senior club in Nelson; WC2026 reach via Tournamental free pool, | social: FB: Richmond AFC,
Motueka AFC,senior,Nelson,Motueka,(Sporty page),via FB: Motueka AFC,general (NZ club),NZ senior club in Nelson; WC2026 reach via Tournamental free pool, | social: FB: Motueka AFC,
Golden Bay FC,senior,Nelson,Takaka,(Sporty page),via FB: Golden Bay Football,general (NZ club),NZ senior club in Nelson; WC2026 reach via Tournamental free pool, | social: FB: Golden Bay Football,
Blenheim Valley FC,senior,Marlborough,Blenheim,https://www.blenheimvalleyfc.co.nz/,via FB: Blenheim Valley FC,general (NZ club),NZ senior club in Marlborough; WC2026 reach via Tournamental free pool, | social: FB: Blenheim Valley FC,
Marlborough Rangers AFC,senior,Marlborough,Blenheim,(Sporty page),via FB: Marlborough Rangers,general (NZ club),NZ senior club in Marlborough; WC2026 reach via Tournamental free pool, | social: FB: Marlborough Rangers,
Westport AFC,senior,West Coast,Westport,(Sporty page),via FB: Westport AFC,general (NZ club),NZ senior club in West Coast; WC2026 reach via Tournamental free pool, | social: FB: Westport AFC,
Greymouth Northern Soccer Club,senior,West Coast,Greymouth,(Sporty page),via FB: Greymouth Northern,general (NZ club),NZ senior club in West Coast; WC2026 reach via Tournamental free pool, | social: FB: Greymouth Northern,
Dunedin City Royals FC,senior,Dunedin,Dunedin,https://www.dunedincityroyalsfc.com/,via https://www.dunedincityroyalsfc.com/contact,general (NZ club),NZ senior club in Dunedin; WC2026 reach via Tournamental free pool,Southern League; largest in Dunedin | social: https://www.dunedincityroyalsfc.com/contact,
Mosgiel AFC,senior + junior,Dunedin,Mosgiel,https://www.mosgielafc.co.nz/,via FB: Mosgiel AFC,general (NZ club),NZ senior + junior club in Dunedin; WC2026 reach via Tournamental free pool, | social: FB: Mosgiel AFC,
Roslyn Wakari AFC,senior,Dunedin,"Roslyn, Dunedin",https://www.roslynwakari.co.nz/,via FB: Roslyn Wakari AFC,general (NZ club),NZ senior club in Dunedin; WC2026 reach via Tournamental free pool, | social: FB: Roslyn Wakari AFC,
Northern AFC,senior + junior,Dunedin,Dunedin,https://www.northernafc.co.nz/,via FB: Northern AFC Dunedin,general (NZ club),NZ senior + junior club in Dunedin; WC2026 reach via Tournamental free pool, | social: FB: Northern AFC Dunedin,
Mornington AFC,senior,Dunedin,"Mornington, Dunedin",https://www.morningtonafc.co.nz/,via FB: Mornington AFC,general (NZ club),NZ senior club in Dunedin; WC2026 reach via Tournamental free pool, | social: FB: Mornington AFC,
Green Island AFC,senior + junior,Dunedin,"Green Island, Dunedin",https://www.greenisland.org.nz/,via FB: Green Island Soccer,general (NZ club),NZ senior + junior club in Dunedin; WC2026 reach via Tournamental free pool, | social: FB: Green Island Soccer,
Grants Braes AFC,senior,Dunedin,"Andersons Bay, Dunedin",https://www.grantsbraes.co.nz/,via FB: Grants Braes AFC,general (NZ club),NZ senior club in Dunedin; WC2026 reach via Tournamental free pool, | social: FB: Grants Braes AFC,
Harbourside AFC,senior,Dunedin,"Port Chalmers, Dunedin",(Sporty page),via FB: Harbourside AFC,general (NZ club),NZ senior club in Dunedin; WC2026 reach via Tournamental free pool, | social: FB: Harbourside AFC,
Maori Hill Junior FC,junior,Dunedin,"Maori Hill, Dunedin",(Sporty page),via FB: Maori Hill Football,general (NZ club),NZ junior club in Dunedin; WC2026 reach via Tournamental free pool, | social: FB: Maori Hill Football,
Al-Huda FC,senior + community,Dunedin,Dunedin,(Sporty page),via FB: Al-Huda FC,general (NZ club),NZ senior + community club in Dunedin; WC2026 reach via Tournamental free pool,Muslim community club | social: FB: Al-Huda FC,
Otago University AFC,senior + uni,Dunedin,"Logan Park, Dunedin",https://ouafc.org/,contact@ouafc.org,general (NZ club),NZ senior + uni club in Dunedin; WC2026 reach via Tournamental free pool,Coaching: coaching@ouafc.org,
Balclutha AFC,senior + junior,South Otago,Balclutha,(Sporty page),via FB: Balclutha AFC,general (NZ club),NZ senior + junior club in South Otago; WC2026 reach via Tournamental free pool, | social: FB: Balclutha AFC,
Awamoa FC,senior,North Otago,Oamaru,(Sporty page),via FB: Awamoa FC,general (NZ club),NZ senior club in North Otago; WC2026 reach via Tournamental free pool, | social: FB: Awamoa FC,
Meadowbank United FC,senior,North Otago,Oamaru,(Sporty page),via FB: Meadowbank United,general (NZ club),NZ senior club in North Otago; WC2026 reach via Tournamental free pool, | social: FB: Meadowbank United,
Riverside FC,senior,North Otago,Oamaru,(Sporty page),via FB: Riverside FC,general (NZ club),NZ senior club in North Otago; WC2026 reach via Tournamental free pool, | social: FB: Riverside FC,
Alexandra United FC,senior,Central Otago,Alexandra,(Sporty page),via FB: Alexandra United,general (NZ club),NZ senior club in Central Otago; WC2026 reach via Tournamental free pool, | social: FB: Alexandra United,
Cromwell AFC,senior,Central Otago,Cromwell,(Sporty page),via FB: Cromwell AFC,general (NZ club),NZ senior club in Central Otago; WC2026 reach via Tournamental free pool, | social: FB: Cromwell AFC,
Queenstown AFC,senior,Central Otago,Queenstown,https://www.queenstownafc.co.nz/,via FB: Queenstown AFC,general (NZ club),NZ senior club in Central Otago; WC2026 reach via Tournamental free pool, | social: FB: Queenstown AFC,
Wanaka AFC,senior,Central Otago,Wanaka,(Sporty page),via FB: Wanaka AFC,general (NZ club),NZ senior club in Central Otago; WC2026 reach via Tournamental free pool, | social: FB: Wanaka AFC,
Geraldine FC,senior,South Canterbury,Geraldine,(Sporty page),via FB: Geraldine FC,general (NZ club),NZ senior club in South Canterbury; WC2026 reach via Tournamental free pool, | social: FB: Geraldine FC,
Northern Hearts AFC,senior,South Canterbury,Timaru,(Sporty page),via FB: Northern Hearts,general (NZ club),NZ senior club in South Canterbury; WC2026 reach via Tournamental free pool, | social: FB: Northern Hearts,
Pleasant Point FC,senior,South Canterbury,Pleasant Point,(Sporty page),via FB: Pleasant Point FC,general (NZ club),NZ senior club in South Canterbury; WC2026 reach via Tournamental free pool, | social: FB: Pleasant Point FC,
Temuka United FC,senior,South Canterbury,Temuka,(Sporty page),via FB: Temuka United,general (NZ club),NZ senior club in South Canterbury; WC2026 reach via Tournamental free pool, | social: FB: Temuka United,
Thistle AFC (SC),senior,South Canterbury,Timaru,(Sporty page),via FB: Thistle AFC Timaru,general (NZ club),NZ senior club in South Canterbury; WC2026 reach via Tournamental free pool, | social: FB: Thistle AFC Timaru,
Timaru United SC,senior,South Canterbury,Timaru,(Sporty page),via FB: Timaru United Sports Club,general (NZ club),NZ senior club in South Canterbury; WC2026 reach via Tournamental free pool, | social: FB: Timaru United Sports Club,
Waimate Soccer Club,senior,South Canterbury,Waimate,(Sporty page),via FB: Waimate Soccer,general (NZ club),NZ senior club in South Canterbury; WC2026 reach via Tournamental free pool, | social: FB: Waimate Soccer,
Gore Wanderers AFC,senior,Southland,Gore,(Sporty page),via FB: Gore Wanderers AFC,general (NZ club),NZ senior club in Southland; WC2026 reach via Tournamental free pool, | social: FB: Gore Wanderers AFC,
Old Boys AFC (Invercargill),senior,Southland,Invercargill,(Sporty page),via FB: Old Boys AFC,general (NZ club),NZ senior club in Southland; WC2026 reach via Tournamental free pool, | social: FB: Old Boys AFC,
Queens Park AFC,senior,Southland,Invercargill,https://www.queensparkafc.co.nz/,via FB: Queens Park AFC,general (NZ club),NZ senior club in Southland; WC2026 reach via Tournamental free pool, | social: FB: Queens Park AFC,
Southend United FC,senior,Southland,Invercargill,(Sporty page),via FB: Southend United FC,general (NZ club),NZ senior club in Southland; WC2026 reach via Tournamental free pool, | social: FB: Southend United FC,
Te Anau FC,senior,Southland,Te Anau,(Sporty page),via FB: Te Anau Football,general (NZ club),NZ senior club in Southland; WC2026 reach via Tournamental free pool, | social: FB: Te Anau Football,
Thistle FC (Invercargill),senior,Southland,Invercargill,(Sporty page),via FB: Thistle FC Southland,general (NZ club),NZ senior club in Southland; WC2026 reach via Tournamental free pool, | social: FB: Thistle FC Southland,
Waihopai AFC,senior,Southland,Invercargill,(Sporty page),via FB: Waihopai AFC,general (NZ club),NZ senior club in Southland; WC2026 reach via Tournamental free pool, | social: FB: Waihopai AFC,
Winton FC,senior,Southland,Winton,(Sporty page),via FB: Winton FC,general (NZ club),NZ senior club in Southland; WC2026 reach via Tournamental free pool, | social: FB: Winton FC,
Wyndham Town FC,senior,Southland,Wyndham,(Sporty page),via FB: Wyndham Town FC,general (NZ club),NZ senior club in Southland; WC2026 reach via Tournamental free pool, | social: FB: Wyndham Town FC,
University of Auckland AFC (UoAFC),uni,Auckland,Auckland,https://www.sporty.co.nz/uoafootballclub,via https://www.facebook.com/UOAFootballClub/,general (NZ club),NZ uni club in Auckland; WC2026 reach via Tournamental free pool,Plays in ASFA + NRF; campus-wide membership | social: https://www.facebook.com/UOAFootballClub/,
University of Auckland UniM8s social football,uni (social),Auckland,Auckland,https://www.auckland.ac.nz/en/on-campus/facilities-and-services/sport-and-recreation/sport/unim8s-social-sports-league/unim8s-football.html,unim8s@auckland.ac.nz,general (NZ club),NZ uni (social) club in Auckland; WC2026 reach via Tournamental free pool,Social league - reaches casual players,
AUT Football,uni,Auckland,Auckland,https://www.aut.ac.nz/student-life/around-campus/sport-at-aut/regular-league-teams,via https://www.facebook.com/autsport/,general (NZ club),NZ uni club in Auckland; WC2026 reach via Tournamental free pool,Men in ASFA; women in NRF Community. AUT is Auckland FC A-League exclusive uni partner | social: https://www.facebook.com/autsport/,
Waikato Unicol AFC,uni + senior,Hamilton,Hamilton,http://www.unicol.org.nz/,via https://www.facebook.com/UnicolFootball/,general (NZ club),NZ uni + senior club in Hamilton; WC2026 reach via Tournamental free pool,10 teams across men + women | social: https://www.facebook.com/UnicolFootball/,
Massey University FC,uni + senior,Palmerston North,Palmerston North,https://www.sporty.co.nz/mufootball/,masseyunifc@gmail.com,general (NZ club),NZ uni + senior club in Palmerston North; WC2026 reach via Tournamental free pool,Now part of PNUFC umbrella,
Victoria University of Wellington AFC (VUWAFC),uni,Wellington,Wellington (Kelburn Park),https://vuwafc.com/,enquiries@vuwafc.com,general (NZ club),NZ uni club in Wellington; WC2026 reach via Tournamental free pool,"19 teams, 300+ members; ""Wellington's only central city football club""",
Universities of Canterbury AFC (UCAFC),uni,Christchurch,Christchurch (Ilam Fields),https://www.ucfootball.co.nz/,secretary@ucfootball.co.nz,general (NZ club),NZ uni club in Christchurch; WC2026 reach via Tournamental free pool,Reps Canterbury + Lincoln; pres: president.ucafc@gmail.com,
Otago University AFC,uni,Dunedin,Dunedin (Logan Park),https://ouafc.org/,contact@ouafc.org,general (NZ club),NZ uni club in Dunedin; WC2026 reach via Tournamental free pool,Open to Uni of Otago + Otago Poly students + general public,
NZ Secondary Schools Football (NZSSF),school assoc,National,National,https://www.nzssfootball.co.nz/,nzssfootball@gmail.com,general (NZ club),NZ school assoc club in National; WC2026 reach via Tournamental free pool,Boys + girls; phone 021 592 339,
NZ Secondary Schools Girls Football (NZSSGFA),school assoc,National,National,https://nzssgirlsfootball.co.nz/,via FB: NZSS Girls Football,general (NZ club),NZ school assoc club in National; WC2026 reach via Tournamental free pool, | social: FB: NZSS Girls Football,
NZ Secondary Schools Sports Council,sport council,National,National,https://www.nzsssc.org.nz/,via contact form,general (NZ club),NZ sport council club in National; WC2026 reach via Tournamental free pool,Umbrella for 40+ school sports,
College Sport Auckland (football),school assoc,Auckland,Auckland,https://www.collegesport.co.nz/sports-1/football,school.sport@collegesport.co.nz,general (NZ club),NZ school assoc club in Auckland; WC2026 reach via Tournamental free pool,Runs Premier League + zone comps for 80+ Auckland secondary schools,
Waikato Secondary School Football Association,school assoc,Waikato,Hamilton,https://www.wssfa.nz/,via contact form,general (NZ club),NZ school assoc club in Waikato; WC2026 reach via Tournamental free pool,Regional school football body,
College Sport Wellington (football),school assoc,Wellington,Wellington,https://www.collegesport.org.nz/,info@collegesport.org.nz,general (NZ club),NZ school assoc club in Wellington; WC2026 reach via Tournamental free pool,,
College Sport Canterbury (football),school assoc,Canterbury,Christchurch,https://www.canterburycollegesport.co.nz/,via contact form,general (NZ club),NZ school assoc club in Canterbury; WC2026 reach via Tournamental free pool,,
White Noise (All Whites supporters),supporter,National,National,(FB only),via FB: White Noise NZ,general (NZ club),NZ supporter club in National; WC2026 reach via Tournamental free pool,Main All Whites supporter group; ~since 2007 | social: FB: White Noise NZ,
Friends of Football NZ,supporter / media,National,National,https://www.friendsoffootballnz.com/,via https://www.facebook.com/friendsoffootballnz/,general (NZ club),NZ supporter / media club in National; WC2026 reach via Tournamental free pool,Newsletter + community; high engagement | social: https://www.facebook.com/friendsoffootballnz/,
The Flying Kiwis FC,supporter (away),National,National,(FB),via FB search,general (NZ club),NZ supporter (away) club in National; WC2026 reach via Tournamental free pool,All Whites away fixtures supporters | social: FB search,
The 12th Knight (Auckland FC fans),supporter,Auckland,Auckland,https://aucklandfc.co.nz/auckland-fc-fan-representative-group/,via contact form,general (NZ club),NZ supporter club in Auckland; WC2026 reach via Tournamental free pool,Official Auckland FC fan rep group,
Croatian Cultural Society of NZ,community,Auckland,"Te Atatu South, Auckland",https://www.croatianclub.org/,via https://www.instagram.com/croatianclubnz/,general (NZ club),NZ community club in Auckland; WC2026 reach via Tournamental free pool,161 McLeod Rd; football fan hub - historic World Cup watch parties; Sunday clubrooms | social: https://www.instagram.com/croatianclubnz/,
HNK Auckland Croatia Football,community + youth,Auckland,Auckland,(IG),via https://www.instagram.com/hnkaucklandcroatia/,general (NZ club),NZ community + youth club in Auckland; WC2026 reach via Tournamental free pool,Croatian football identity | social: https://www.instagram.com/hnkaucklandcroatia/,
Central United FC (Croatian heritage),senior + community,Auckland,Auckland,https://www.centralunitedfc.co.nz/,via FB: Central United FC,general (NZ club),NZ senior + community club in Auckland; WC2026 reach via Tournamental free pool,Historically Croatian-affiliated | social: FB: Central United FC,
FC Red Star New Zealand Academy,community + academy,Auckland,Auckland,https://fcredstarnz.com/,via (FB),general (NZ club),NZ community + academy club in Auckland; WC2026 reach via Tournamental free pool,Official Red Star Belgrade academy; est 2017 | social: (FB),
Wellington Olympic AFC (Greek community),senior + community,Wellington,Wellington,https://www.olympicafc.org.nz/,via https://www.olympicafc.org.nz/contact-us,general (NZ club),NZ senior + community club in Wellington; WC2026 reach via Tournamental free pool,"""The Greeks""; founded 1953 as Apollon AFC | social: https://www.olympicafc.org.nz/contact-us",
Greek Orthodox Community of Wellington,community,Wellington,Wellington,https://www.greek.org.nz/,enquiries@greek.org.nz,general (NZ club),NZ community club in Wellington; WC2026 reach via Tournamental free pool,65% of NZ Greeks live in Wellington,
England Supporters Travel Club (UK based),supporter,National,National,https://englandsupporters.thefa.com/,via contact form,general (NZ club),NZ supporter club in National; WC2026 reach via Tournamental free pool,UK admin but has NZ-based members; harder direct outreach,
NZ Football (All Whites fan list),governing,National,National,https://www.nzfootball.co.nz/fifa-world-cup-26,info@nzfootball.co.nz,general (NZ club),NZ governing club in National; WC2026 reach via Tournamental free pool,They run the official fan + watch-party programme for WC26 - high-value partnership target,
