name,tier,region,website,best_contact_email,best_contact_role,why_target,notes,phone
Football Supporters' Association,Trust,UK-wide,https://thefsa.org.uk/,info@thefsa.org.uk,General Office,Central representative body for all UK football supporters with 500k+ members and reach across every supporters trust,Highest-leverage single contact - one yes opens doors to 200+ affiliated trusts; PO Box 1449 Sunderland SR5 9UW,
English Schools' FA (ESFA),School Assoc,England-wide,https://schoolsfootball.org/,info@schoolsfootball.org,General Office,Governs schools football across England with 60+ county schools FAs underneath them - perfect WC viewing-party engine,Stafford HQ: 4 Parker Court Staffordshire Technology Park ST18 0WP; competitions reach hundreds of thousands of schoolkids,
Welsh Schools' FA,School Assoc,Wales-wide,https://www.welshschoolsfa.co.uk/,(contact form),General Office,Governs schools football across Wales with regional sub-associations,X/Twitter @WelshSchoolsFA; use website contact form,
Scottish Schools' FA,School Assoc,Scotland-wide,https://scottishschoolsfa.co.uk/,robert.allan@scottishschoolsfa.co.uk,General Secretary,Governs Scottish schools football,Robert Allan is General Sec; alt sponsorship contact alex.mcmenemy@scottish-football.com,
Amateur Football Alliance,County FA,London/UK-wide,https://www.amateur-fa.com/,info@amateur-fa.com,General Office,Largest non-territorial CFA representing amateur leagues including Arthurian and Old Boys' competitions,Routes to a unique non-territorial constituency of c. 600 affiliated clubs,
Birmingham FA,County FA,West Midlands,https://www.birminghamfa.com/,Support@BirminghamFA.com,General Office (CEO Kevin Shoemake),Governs grassroots football across Birmingham/West Midlands metro - one of the densest pools of grassroots clubs in England,HQ Ray Hall Ln B43 6JF; phone 0121 357 4278,0121 357 4278
London FA,County FA,Greater London,https://www.londonfa.com/,Paul.Bickerton@LondonFA.com,CEO,Massive metro footprint - thousands of London Sunday-league teams; FAW/comms-friendly CEO,Comms Mgr Shannon.Hyner@LondonFA.com; Wembley PO BOX 1996 SW1P 9EQ,
Surrey FA,County FA,Surrey,https://www.surreyfa.com/,Kirk.Ritchie@SurreyFA.com,Head of Marketing & Partnerships,Affluent commuter belt with 1000+ affiliated youth and adult teams; CEO Sally Lockyer; comms-receptive,Alt: Katie.Oliver@SurreyFA.com (Marketing & Comms Assistant); Meadowbank Dorking,
Sussex County FA,County FA,Sussex,https://www.sussexfa.com/,info@sussexfa.com,General Office (CEO Tom Lyons),Coastal county with strong grassroots tradition and good youth pyramid,HQ Culver Rd Lancing BN15 9AX; phone 01903 753 547,01903 753 547
Hampshire FA,County FA,Hampshire,https://www.hampshirefa.com/,Neil.Cassar@HampshireFA.com,CEO,Large county with two pro clubs and dozens of strong non-league sides feeding it,William Pickford House Basingstoke RG23 8BF; phone 01256 853 000,01256 853 000
Hertfordshire FA,County FA,Hertfordshire,https://www.hertfordshirefa.com/,karl.lingham@hertfordshirefa.com,CEO,Home counties FA with strong youth pyramid and historic clubs (Watford catchment),Letchworth SG6 2EN; phone 01462 677622,01462 677622
Kent FA,County FA,Kent,https://www.kentfa.com/,DARRYL.HADEN@KENTFA.COM,CEO,South-east coastal county with deep grassroots roots,Cobdown Park Aylesford ME20 6DQ; phone 01622 791850,01622 791850
Essex FA,County FA,Essex,https://www.essexfa.com/,info@essexfa.com,General Office (CEO Brendan Walshe),Big mixed-urban county - close to London with hundreds of affiliated youth clubs,Springfield Lyons Approach Chelmsford CM2 5EY,
Lancashire FA,County FA,Lancashire,https://www.lancashirefa.com/,info@lancashirefa.com,General Office (CEO Simon Gerrard),Heritage football county - one of FA founder regions; massive grassroots base,Leyland PR25 2LF; staff email format {first}.{last}@lancashirefa.com,
Manchester FA,County FA,Greater Manchester,https://www.manchesterfa.com/,Colin.Bridgford@manchesterfa.com,CEO,Massive metro coverage; House of Sport HQ in Etihad campus - direct line to a major fan market,Gate 13 Rowsley Street Manchester M11 3FF,
Liverpool FA,County FA,Merseyside,https://www.liverpoolfa.com/,info@liverpoolfa.com,General Office (CEO Anthony Smith),Football-mad city with deep grassroots culture,CFA covers Merseyside grassroots clubs,
Bedfordshire FA,County FA,Bedfordshire,https://www.bedfordshirefa.com/,info@bedfordshirefa.com,General Office,Small but active CFA covering 200+ grassroots clubs,County HQ on website,
Berks & Bucks FA,County FA,Berkshire & Buckinghamshire,https://www.berks-bucksfa.com/,info@berks-bucksfa.com,General Office,Two-county CFA across affluent Thames Valley grassroots scene,,
Cambridgeshire FA,County FA,Cambridgeshire,https://www.cambridgeshirefa.com/,info@cambridgeshirefa.com,General Office,Covers University city and surrounding region,,
Cheshire FA,County FA,Cheshire,https://www.cheshirefa.com/,info@cheshirefa.com,General Office,Affluent county with strong youth pyramid,,
Cornwall FA,County FA,Cornwall,https://www.cornwallfa.com/,info@cornwallfa.com,General Office,Distinct geographic and cultural identity - good local-press story,,
Cumberland FA,County FA,Cumbria,https://www.cumberlandfa.com/,info@cumberlandfa.com,General Office,Rural northern county with Carlisle as anchor club,,
Derbyshire FA,County FA,Derbyshire,https://www.derbyshirefa.com/,info@derbyshirefa.com,General Office,East Midlands CFA with strong non-league pyramid,,
Devon FA,County FA,Devon,https://www.devonfa.com/,info@devonfa.com,General Office,Big south-western county with multiple non-league clubs,,
Dorset FA,County FA,Dorset,https://www.dorsetfa.com/,info@dorsetfa.com,General Office,Coastal county with Wessex League core,,
Durham FA,County FA,County Durham,https://www.durhamfa.com/,info@durhamfa.com,General Office,Heritage north-east football county,,
East Riding FA,County FA,East Yorkshire,https://www.eastridingfa.com/,info@eastridingfa.com,General Office,Covers Hull and surrounds,,
Gloucestershire FA,County FA,Gloucestershire,https://www.gloucestershirefa.com/,info@gloucestershirefa.com,General Office,Covers Hellenic League heartland and Forest Green's catchment,,
Guernsey FA,County FA,Guernsey,https://www.guernseyfa.com/,info@guernseyfa.com,General Office,Channel Islands CFA - unusual constituency and tight knit clubs,,
Herefordshire FA,County FA,Herefordshire,https://www.herefordshirefa.com/,info@herefordshirefa.com,General Office,Small rural CFA - low competition for outreach,,
Huntingdonshire FA,County FA,Huntingdonshire,https://www.huntsfa.com/,info@huntsfa.com,General Office,Smaller historic CFA,,
Isle of Man FA,County FA,Isle of Man,https://www.isleofmanfa.com/,info@isleofmanfa.com,General Office,Distinct island constituency with own league pyramid,,
Jersey FA,County FA,Jersey,https://www.jerseyfa.com/,info@jerseyfa.com,General Office,Channel Islands CFA with own senior side,,
Leicestershire & Rutland FA,County FA,Leicestershire,https://www.leicestershirefa.com/,info@leicestershirefa.com,General Office,East Midlands CFA with broad grassroots base,,
Lincolnshire FA,County FA,Lincolnshire,https://www.lincolnshirefa.com/,info@lincolnshirefa.com,General Office,Large rural county with active non-league scene,,
Middlesex FA,County FA,Greater London (north/west),https://www.middlesexfa.com/,info@middlesexfa.com,General Office,Covers NW London grassroots - sits alongside London FA,,
Norfolk FA,County FA,Norfolk,https://www.norfolkfa.com/,info@norfolkfa.com,General Office,East Anglia CFA with strong county-cup tradition,,
Northamptonshire FA,County FA,Northamptonshire,https://www.northamptonshirefa.com/,info@northamptonshirefa.com,General Office,East Midlands CFA - feeds United Counties League,,
North Riding FA,County FA,North Yorkshire (Riding),https://www.northridingfa.com/,info@northridingfa.com,General Office,Covers Middlesbrough and surrounding clubs,,
Northumberland FA,County FA,Northumberland,https://www.northumberlandfa.com/,info@northumberlandfa.com,General Office,Far-north CFA with Newcastle hinterland,,
Nottinghamshire FA,County FA,Nottinghamshire,https://www.nottinghamshirefa.com/,info@nottinghamshirefa.com,General Office,East Midlands CFA - dense Sunday-league scene,,
Oxfordshire FA,County FA,Oxfordshire,https://www.oxfordshirefa.com/,info@oxfordshirefa.com,General Office,Covers Hellenic League and Oxford metro,,
Sheffield & Hallamshire FA,County FA,South Yorkshire,https://www.sheffieldfa.com/,info@sheffieldfa.com,General Office,Birthplace of organised football - heritage angle,,
Shropshire FA,County FA,Shropshire,https://www.shropshirefa.com/,info@shropshirefa.com,General Office,Rural west-midlands CFA,,
Somerset FA,County FA,Somerset,https://www.somersetfa.com/,info@somersetfa.com,General Office,South-west CFA - Western League feeder,,
Staffordshire FA,County FA,Staffordshire,https://www.staffordshirefa.com/,info@staffordshirefa.com,General Office,West-midlands CFA with broad pyramid,,
Suffolk FA,County FA,Suffolk,https://www.suffolkfa.com/,info@suffolkfa.com,General Office,East Anglia CFA - Ipswich catchment,,
Westmorland FA,County FA,Westmorland (Cumbria),https://www.westmorlandfa.com/,info@westmorlandfa.com,General Office,Smallest CFA - high attention per outreach,,
West Riding FA,County FA,West Yorkshire,https://www.westridingfa.com/,info@westridingfa.com,General Office,Large Yorkshire CFA covering Leeds/Bradford grassroots,,
Wiltshire FA,County FA,Wiltshire,https://www.wiltshirefa.com/,info@wiltshirefa.com,General Office,Rural south-west CFA - feeds Wessex League,,
Worcestershire FA,County FA,Worcestershire,https://www.worcestershirefa.com/,info@worcestershirefa.com,General Office,West-midlands CFA - feeds West Midlands Regional League,,
Army FA,County FA,UK-wide (Forces),https://www.armyfa.com/,info@armyfa.com,General Office,Unique constituency of Army football across the UK and overseas,,
RAF FA,County FA,UK-wide (Forces),https://www.royalairforcefa.com/,info@royalairforcefa.com,General Office,RAF football organising body,,
Royal Navy FA,County FA,UK-wide (Forces),https://www.royalnavyfa.com/,info@royalnavyfa.com,General Office,Navy football organising body,,
Football Association of Wales (FAW),National Body,Wales,https://faw.cymru/,support@faw.cymru,General Support,Governs Welsh football top to bottom; Clwb Cymru grassroots platform contact clwbcymru@faw.cymru,FAW Trust grassroots arm: fawtrust.cymru,
Scottish FA,National Body,Scotland,https://www.scottishfa.co.uk/,info@scottishfa.co.uk,General Office,Governs Scottish football - Hampden Park HQ,Comms: communications@scottishfa.co.uk; SYFA grassroots: syfa@scottish-football.com,
Irish FA (Northern Ireland),National Body,Northern Ireland,https://www.irishfa.com/,info@irishfa.com,General Office,Governs Northern Ireland football,Belfast BT12 6LU; 0333 188 1880,0333 188 1880
Football Association of Ireland (FAI),National Body,Republic of Ireland,https://www.fai.ie/,info@fai.ie,General Office,Governs ROI football with Grassroots & Amateur committee,Abbotstown D15 X8PD; +353 1 8999 500,+353 1 8999 500
Aldershot Town,National League,Hampshire,https://www.theshots.co.uk/,info@theshots.co.uk,Club Office,National League side with strong local fan culture,,
Altrincham FC,National League,Greater Manchester,https://www.altrinchamfc.co.uk/,info@altrinchamfc.co.uk,Club Office,Long-established non-league club with active fan trust,,
Boreham Wood,National League,Hertfordshire,https://www.borehamwoodfootballclub.co.uk/,info@borehamwoodfootballclub.co.uk,Club Office,National League side with FA Cup giant-killing history,,
Boston United,National League,Lincolnshire,https://www.bostonunited.co.uk/,info@bostonunited.co.uk,Club Office,Newly returned NL side with strong East Midlands base,,
Brackley Town,National League,Northamptonshire,https://www.brackleytownfc.com/,info@brackleytownfc.com,Club Office,Promoted from National League North - established non-league side,,
Braintree Town,National League,Essex,https://www.braintreetownfc.co.uk/,info@braintreetownfc.co.uk,Club Office,Essex-based NL side,,
Carlisle United,National League,Cumbria,https://www.carlisleunited.co.uk/,reception@carlisleunited.co.uk,Club Office,Recently relegated from EFL - large fan base and pro setup,,
Eastleigh FC,National League,Hampshire,https://www.eastleighfc.com/,info@eastleighfc.com,Club Office,Hampshire NL side with FA Cup history,,
FC Halifax Town,National League,West Yorkshire,https://www.fchalifaxtown.com/,info@fchalifaxtown.com,Club Office,Yorkshire-based NL side,,
Forest Green Rovers,National League,Gloucestershire,https://www.fgr.co.uk/,reception@fgr.co.uk,Club Office,Distinctive eco-friendly brand - good story angle,,
Gateshead FC,National League,Tyne and Wear,https://www.gatesheadfc.com/,info@gatesheadfc.com,Club Office,North-east NL side with strong fan trust,,
Hartlepool United,National League,County Durham,https://www.hartlepoolunited.co.uk/,reception@hartlepoolunited.co.uk,Club Office,Recently relegated from EFL with passionate fan base,,
Morecambe FC,National League,Lancashire,https://www.morecambefc.com/,info@morecambefc.com,Club Office,Just-relegated from EFL with established pro fanbase,,
Rochdale AFC,National League,Greater Manchester,https://www.rochdaleafc.co.uk/,info@rochdaleafc.co.uk,Club Office,Relegated from EFL with established fan trust,,
Scunthorpe United,National League,Lincolnshire,https://www.scunthorpe-united.co.uk/,info@scunthorpe-united.co.uk,Club Office,Former EFL side with strong fan base,,
Solihull Moors,National League,West Midlands,https://www.solihullmoorsfc.co.uk/,info@solihullmoorsfc.co.uk,Club Office,West Midlands NL side with steady fan growth,,
Southend United,National League,Essex,https://www.southendunited.co.uk/,reception@southendunited.co.uk,Club Office,Recently relegated from EFL - huge fanbase for the level,,
Sutton United,National League,South London,https://www.suttonunited.net/,info@suttonunited.net,Club Office,South London NL side with FA Cup heritage,,
Tamworth FC,National League,Staffordshire,https://www.thelambs.co.uk/,info@thelambs.co.uk,Club Office,Staffordshire NL side,,
Truro City,National League,Cornwall,https://www.trurocityfootballclub.co.uk/,info@trurocityfootballclub.co.uk,Club Office,Only NL side in Cornwall - unique regional story,,
Wealdstone FC,National League,Greater London,https://www.wealdstone-fc.com/,info@wealdstone-fc.com,Club Office,Cult NW London NL side with strong supporter culture,,
Woking FC,National League,Surrey,https://www.wokingfc.co.uk/,info@wokingfc.co.uk,Club Office,Surrey NL side with strong FA Cup history,,
Yeovil Town,National League,Somerset,https://www.ytfc.net/,reception@ytfc.net,Club Office,Recently relegated from EFL - large fan base for Somerset,,
York City,National League,North Yorkshire,https://www.yorkcityfootballclub.co.uk/,info@yorkcityfootballclub.co.uk,Club Office,Established NL side with strong regional fanbase,,
AFC Fylde,National League North,Lancashire,https://www.afcfylde.co.uk/,info@afcfylde.co.uk,Club Office,Lancashire NL North side with modern setup,,
AFC Telford United,National League North,Shropshire,https://www.telfordutd.co.uk/,info@telfordutd.co.uk,Club Office,Shropshire NL North side - supporters trust owned,,
Alfreton Town,National League North,Derbyshire,https://www.alfretontownfc.com/,info@alfretontownfc.com,Club Office,Long-established East Midlands non-league side,,
Bedford Town,National League North,Bedfordshire,https://www.bedfordtownfc.co.uk/,info@bedfordtownfc.co.uk,Club Office,Bedfordshire NL North side - strong local press coverage,,
Buxton FC,National League North,Derbyshire,https://www.buxtonfc.co.uk/,info@buxtonfc.co.uk,Club Office,Peak District NL North side with strong fan growth,,
Chorley FC,National League North,Lancashire,https://www.chorleyfc.com/,info@chorleyfc.com,Club Office,Lancashire NL North side - FA Cup giant-killers,,
Curzon Ashton,National League North,Greater Manchester,https://www.curzonashtonfc.co.uk/,info@curzonashtonfc.co.uk,Club Office,Greater Manchester NL North side - community owned,,
Darlington FC,National League North,County Durham,https://www.darlingtonfc.org/,info@darlingtonfc.org,Club Office,Fan-owned NL North club - story angle (rose from Northern League),,
Hereford FC,National League North,Herefordshire,https://www.herefordfc.co.uk/,info@herefordfc.co.uk,Club Office,Phoenix-club NL North side - supporters trust owned,,
Kidderminster Harriers,National League North,Worcestershire,https://www.harriers.co.uk/,info@harriers.co.uk,Club Office,Heritage non-league side,,
King's Lynn Town,National League North,Norfolk,https://www.kltfc.co.uk/,info@kltfc.co.uk,Club Office,East Anglia NL North side,,
Leamington FC,National League North,Warwickshire,https://www.thebrakes.co.uk/,info@thebrakes.co.uk,Club Office,West Midlands NL North side,,
Macclesfield FC,National League North,Cheshire,https://www.themacc.com/,info@themacc.com,Club Office,Phoenix club from Macclesfield Town - strong story angle,,
Marine AFC,National League North,Merseyside,https://www.marineafc.com/,info@marineafc.com,Club Office,Liverpool-area NL North side - FA Cup vs Tottenham story,,
Merthyr Town,National League North,South Wales,https://www.merthyrtownfc.co.uk/,info@merthyrtownfc.co.uk,Club Office,Only Welsh team in NL North - unique angle,,
Oxford City,National League North,Oxfordshire,https://www.oxfordcityfc.co.uk/,info@oxfordcityfc.co.uk,Club Office,Heritage Oxford non-league side,,
Peterborough Sports,National League North,Cambridgeshire,https://www.peterboroughsportsfc.com/,info@peterboroughsportsfc.com,Club Office,Recently risen non-league side,,
Radcliffe FC,National League North,Greater Manchester,https://www.radcliffefc.co.uk/,info@radcliffefc.co.uk,Club Office,Greater Manchester NL North side,,
Scarborough Athletic,National League North,North Yorkshire,https://www.scarboroughathletic.com/,info@scarboroughathletic.com,Club Office,Phoenix club following Scarborough FC - fan-owned,,
South Shields,National League North,Tyne and Wear,https://www.southshieldsfc.co.uk/,info@southshieldsfc.co.uk,Club Office,North-east NL North side - strong regional fanbase,,
Southport FC,National League North,Merseyside,https://www.southportfc.net/,info@southportfc.net,Club Office,Heritage Merseyside non-league side,,
Spennymoor Town,National League North,County Durham,https://www.spennymoortownfc.co.uk/,info@spennymoortownfc.co.uk,Club Office,North-east NL North side,,
Worksop Town,National League North,Nottinghamshire,https://www.worksoptownfc.co.uk/,info@worksoptownfc.co.uk,Club Office,Long-established Notts non-league side,,
AFC Totton,National League South,Hampshire,https://www.afctotton.com/,info@afctotton.com,Club Office,Hampshire NL South side - promoted via play-offs,,
Bath City,National League South,Somerset,https://www.bathcityfc.com/,info@bathcityfc.com,Club Office,Heritage south-west non-league side - community owned,,
Chelmsford City,National League South,Essex,https://www.chelmsfordcityfc.com/,info@chelmsfordcityfc.com,Club Office,Essex NL South side with strong local press,,
Chesham United,National League South,Buckinghamshire,https://www.cheshamunitedfc.com/,info@cheshamunitedfc.com,Club Office,Buckinghamshire NL South side,,
Chippenham Town,National League South,Wiltshire,https://www.chippenhamtownfc.co.uk/,info@chippenhamtownfc.co.uk,Club Office,Wiltshire NL South side,,
Dagenham & Redbridge,National League South,East London,https://www.daggers.co.uk/,info@daggers.co.uk,Club Office,Former EFL side now in NL South - large fan base for level,,
Dorking Wanderers,National League South,Surrey,https://www.dorkingwanderersfc.com/,info@dorkingwanderersfc.com,Club Office,Surrey NL South side with rapid rise narrative,,
Dover Athletic,National League South,Kent,https://www.doverathletic.com/,info@doverathletic.com,Club Office,Kent NL South side,,
Eastbourne Borough,National League South,East Sussex,https://www.eastbourneboroughfc.co.uk/,info@eastbourneboroughfc.co.uk,Club Office,Sussex coast NL South side,,
Ebbsfleet United,National League South,Kent,https://www.ebbsfleetunited.co.uk/,info@ebbsfleetunited.co.uk,Club Office,Kent NL South side with fan-owned heritage,,
Enfield Town,National League South,Greater London,https://www.etfc.london/,info@etfc.london,Club Office,First fan-owned club in England - heritage angle,,
Farnborough FC,National League South,Hampshire,https://www.farnboroughfc.co.uk/,info@farnboroughfc.co.uk,Club Office,Hampshire NL South side,,
Hampton & Richmond Borough,National League South,South-west London,https://www.hamptonfc.co.uk/,info@hamptonfc.co.uk,Club Office,SW London NL South side,,
Hemel Hempstead Town,National League South,Hertfordshire,https://www.hemelhempsteadtownfc.co.uk/,info@hemelhempsteadtownfc.co.uk,Club Office,Herts NL South side,,
Hornchurch FC,National League South,Essex,https://www.hornchurchfc.com/,info@hornchurchfc.com,Club Office,East London/Essex NL South side - FA Trophy winners,,
Horsham FC,National League South,West Sussex,https://www.horshamfc.co.uk/,info@horshamfc.co.uk,Club Office,Sussex NL South side,,
Maidenhead United,National League South,Berkshire,https://www.maidenheadunitedfc.org/,info@maidenheadunitedfc.org,Club Office,Berkshire NL South side - oldest ground in continuous use,,
Salisbury FC,National League South,Wiltshire,https://www.salisburyfc.club/,info@salisburyfc.club,Club Office,Phoenix club following Salisbury City,,
Slough Town,National League South,Berkshire,https://www.sloughtownfc.net/,info@sloughtownfc.net,Club Office,Berkshire NL South side,,
Tonbridge Angels,National League South,Kent,https://www.tonbridgeangels.co.uk/,info@tonbridgeangels.co.uk,Club Office,Kent NL South side,,
Torquay United,National League South,Devon,https://www.torquayunited.com/,info@torquayunited.com,Club Office,Former EFL side - large Devon fan base,,
Aveley FC,Step 3-4,Essex,https://www.aveleyfc.co.uk/,info@aveleyfc.co.uk,Club Office,Isthmian Premier side relegated from NL South - active fanbase,,
Billericay Town,Step 3-4,Essex,https://www.billericaytownfc.co.uk/,info@billericaytownfc.co.uk,Club Office,High-profile Isthmian Premier side with national media coverage,,
Carshalton Athletic,Step 3-4,South London,https://www.carshaltonathletic.com/,info@carshaltonathletic.com,Club Office,South London Isthmian Premier side - rooted community club,,
Chatham Town,Step 3-4,Kent,https://www.chathamtownfc.co.uk/,info@chathamtownfc.co.uk,Club Office,Kent Isthmian Premier side - recently restructured under fan ownership,,
Cheshunt FC,Step 3-4,Hertfordshire,https://www.cheshuntfootballclub.com/,info@cheshuntfootballclub.com,Club Office,Herts Isthmian Premier side,,
Dartford FC,Step 3-4,Kent,https://www.dartfordfc.co.uk/,info@dartfordfc.co.uk,Club Office,Kent Isthmian Premier side - community owned,,
Dulwich Hamlet,Step 3-4,South London,https://www.dulwichhamletfc.co.uk/,info@dulwichhamletfc.co.uk,Club Office,Cult South London club with global supporter base and strong values brand,,
Folkestone Invicta,Step 3-4,Kent,https://www.folkestoneinvictafc.co.uk/,info@folkestoneinvictafc.co.uk,Club Office,Kent Isthmian Premier side,,
Hashtag United,Step 3-4,Essex,https://www.hashtagutd.co.uk/,info@hashtagutd.co.uk,Club Office,Unique social-media-native club - massive YouTube/digital reach,,
Lewes FC,Step 3-4,East Sussex,https://www.lewesfc.com/,info@lewesfc.com,Club Office,Community-owned with global membership; equal-pay men's & women's first team - high values alignment,,
Ramsgate FC,Step 3-4,Kent,https://www.ramsgatefc.co.uk/,info@ramsgatefc.co.uk,Club Office,Kent Isthmian Premier side,,
St Albans City,Step 3-4,Hertfordshire,https://www.stalbanscityfc.com/,info@stalbanscityfc.com,Club Office,Herts Isthmian Premier side - recently relegated from NL South,,
Welling United,Step 3-4,South-east London,https://www.wellingunited.com/,info@wellingunited.com,Club Office,South-east London Isthmian Premier side,,
Wingate & Finchley,Step 3-4,North London,https://www.wingatefinchley.com/,info@wingatefinchley.com,Club Office,North London Isthmian Premier side - rich Jewish-community heritage,,
FC United of Manchester,Step 3-4,Greater Manchester,https://fc-utd.co.uk/,info@fc-utd.co.uk,Club Office,Iconic fan-owned club (split from Man Utd takeover) - perfect story alignment with peer voice,Broadhurst Park M40 0FJ; 0161 769 2005,0161 769 2005
Hebburn Town,Step 3-4,Tyne and Wear,https://www.hebburntownfc.com/,info@hebburntownfc.com,Club Office,NPL Premier champions - north-east community club,,
Hednesford Town,Step 3-4,Staffordshire,https://www.hednesfordtownfc.co.uk/,info@hednesfordtownfc.co.uk,Club Office,Staffordshire NPL Premier side,,
Warrington Rylands 1906,Step 3-4,Cheshire,https://www.rylandsfc.com/,info@rylandsfc.com,Club Office,Cheshire NPL Premier side - recent FA Vase winners,,
Stockton Town,Step 3-4,Tees Valley,https://www.stocktontownfc.co.uk/,info@stocktontownfc.co.uk,Club Office,North-east NPL Premier side - phoenix from Stockton FC roots,,
Lancaster City,Step 3-4,Lancashire,https://www.lancastercityfc.com/,info@lancastercityfc.com,Club Office,Lancashire NPL Premier side,,
Gainsborough Trinity,Step 3-4,Lincolnshire,https://www.gainsboroughtrinity.com/,info@gainsboroughtrinity.com,Club Office,Long-established Lincs NPL Premier side,,
Leek Town,Step 3-4,Staffordshire,https://www.leektown.co.uk/,info@leektown.co.uk,Club Office,Staffordshire NPL Premier side,,
Cleethorpes Town,Step 3-4,North-east Lincolnshire,https://www.cleethorpestownfc.co.uk/,info@cleethorpestownfc.co.uk,Club Office,Coastal Lincs NPL Premier side,,
Ashton United,Step 3-4,Greater Manchester,https://www.ashtonutd.com/,info@ashtonutd.com,Club Office,Greater Manchester NPL Premier side,,
Ilkeston Town,Step 3-4,Derbyshire,https://www.ilkestontownfc.co.uk/,info@ilkestontownfc.co.uk,Club Office,Derbyshire NPL Premier side - phoenix club,,
Guiseley AFC,Step 3-4,West Yorkshire,https://www.guiseleyafc.co.uk/,info@guiseleyafc.co.uk,Club Office,West Yorkshire NPL Premier side,,
Warrington Town,Step 3-4,Cheshire,https://www.warringtontownfc.co.uk/,info@warringtontownfc.co.uk,Club Office,Cheshire NPL Premier side,,
Hyde United,Step 3-4,Greater Manchester,https://www.hydeunited.co.uk/,info@hydeunited.co.uk,Club Office,Greater Manchester NPL Premier side,,
Whitby Town,Step 3-4,North Yorkshire,https://www.whitby-town.com/,info@whitby-town.com,Club Office,Coastal North Yorkshire NPL Premier side,,
Workington AFC,Step 3-4,Cumbria,https://www.workingtonafc.com/,info@workingtonafc.com,Club Office,Cumbria NPL Premier side - heritage former Football League club,,
Prescot Cables,Step 3-4,Merseyside,https://www.prescotcables.co.uk/,info@prescotcables.co.uk,Club Office,Merseyside NPL Premier side - community owned,,
Morpeth Town,Step 3-4,Northumberland,https://www.morpethtownafc.co.uk/,info@morpethtownafc.co.uk,Club Office,Northumberland NPL Premier side - FA Vase winners,,
AFC Sudbury,Step 3-4,Suffolk,https://www.afcsudbury.com/,info@afcsudbury.com,Club Office,Suffolk Southern League Premier Central side,,
Alvechurch FC,Step 3-4,Worcestershire,https://www.alvechurchfc.co.uk/,info@alvechurchfc.co.uk,Club Office,Worcs Southern League Premier Central side,,
Banbury United,Step 3-4,Oxfordshire,https://www.banburyunitedfc.co.uk/,info@banburyunitedfc.co.uk,Club Office,Oxfordshire Southern League Premier Central side,,
Bishop's Stortford,Step 3-4,Hertfordshire,https://www.bsfc.co.uk/,info@bsfc.co.uk,Club Office,Herts Southern League Premier Central side,,
Bromsgrove Sporting,Step 3-4,Worcestershire,https://www.bromsgrovesportingfc.com/,info@bromsgrovesportingfc.com,Club Office,Worcs Southern League Premier Central side - phoenix club,,
Bury Town,Step 3-4,Suffolk,https://www.burytownfc.co.uk/,info@burytownfc.co.uk,Club Office,Suffolk Southern League Premier Central side,,
Halesowen Town,Step 3-4,West Midlands,https://www.halesowentownfc.com/,info@halesowentownfc.com,Club Office,West Midlands Southern League Premier Central side,,
Kettering Town,Step 3-4,Northamptonshire,https://www.kettering-town.com/,info@kettering-town.com,Club Office,Heritage Northants Southern League Premier Central side,,
Leiston FC,Step 3-4,Suffolk,https://www.leistonfc.co.uk/,info@leistonfc.co.uk,Club Office,Suffolk Southern League Premier Central side,,
Needham Market,Step 3-4,Suffolk,https://www.needhammarketfc.co.uk/,info@needhammarketfc.co.uk,Club Office,Suffolk Southern League Premier Central side,,
Real Bedford,Step 3-4,Bedfordshire,https://www.realbedford.com/,info@realbedford.com,Club Office,Bitcoin-themed community club with huge social-media following,,
Royston Town,Step 3-4,Hertfordshire,https://www.roystontownfc.co.uk/,info@roystontownfc.co.uk,Club Office,Herts Southern League Premier Central side,,
Stourbridge FC,Step 3-4,West Midlands,https://www.stourbridge-fc.co.uk/,info@stourbridge-fc.co.uk,Club Office,West Midlands Southern League Premier Central side - FA Cup giant-killers,,
Worcester City,Step 3-4,Worcestershire,https://www.worcestercityfc.co.uk/,info@worcestercityfc.co.uk,Club Office,Phoenix Worcs side - strong supporter trust ownership,,
Basingstoke Town,Step 3-4,Hampshire,https://www.basingstoketownfc.co.uk/,info@basingstoketownfc.co.uk,Club Office,Hampshire Southern League Premier South side,,
Havant & Waterlooville,Step 3-4,Hampshire,https://www.hwfc.com/,info@hwfc.com,Club Office,Hampshire Southern League Premier South side - FA Cup heroics history,,
Plymouth Parkway,Step 3-4,Devon,https://www.plymouthparkway.com/,info@plymouthparkway.com,Club Office,Devon Southern League Premier South side,,
Poole Town,Step 3-4,Dorset,https://www.pooletownfc.co.uk/,info@pooletownfc.co.uk,Club Office,Dorset Southern League Premier South side,,
Taunton Town,Step 3-4,Somerset,https://www.tauntontown.com/,info@tauntontown.com,Club Office,Somerset Southern League Premier South side,,
Weymouth FC,Step 3-4,Dorset,https://www.theterras.co.uk/,info@theterras.co.uk,Club Office,Dorset Southern League Premier South side - recent NL South side,,
Sholing FC,Step 3-4,Hampshire,https://www.sholingfc.co.uk/,info@sholingfc.co.uk,Club Office,Hampshire Southern League Premier South side - FA Vase winners,,
Gloucester City,Step 3-4,Gloucestershire,https://www.gloucestercityafc.com/,info@gloucestercityafc.com,Club Office,Heritage Gloucester non-league side,,
Tiverton Town,Step 3-4,Devon,https://www.tivertontownfc.co.uk/,info@tivertontownfc.co.uk,Club Office,Devon Southern League Premier South side,,
Walton & Hersham,Step 3-4,Surrey,https://www.waltonhershamfc.co.uk/,info@waltonhershamfc.co.uk,Club Office,Surrey Southern League Premier South side,,
Yate Town,Step 3-4,Gloucestershire,https://www.yatetownfc.com/,info@yatetownfc.com,Club Office,Gloucs Southern League Premier South side,,
Ashford Town (Middlesex),Step 5-7,Middlesex,https://www.ashfordtownmiddx.co.uk/,info@ashfordtownmiddx.co.uk,Club Office,Combined Counties Premier North side - sample of Step 5,,
Burnham FC,Step 5-7,Buckinghamshire,https://www.burnhamfc.co.uk/,info@burnhamfc.co.uk,Club Office,Bucks Combined Counties Premier North side,,
Windsor & Eton,Step 5-7,Berkshire,https://www.windsorfc.co.uk/,info@windsorfc.co.uk,Club Office,Berks Combined Counties Premier North side - tourist-heavy area,,
Reading City,Step 5-7,Berkshire,https://www.readingcityfc.co.uk/,info@readingcityfc.co.uk,Club Office,Berks Combined Counties Premier North side,,
Abingdon United,Step 5-7,Oxfordshire,https://www.abingdonunitedfc.co.uk/,info@abingdonunitedfc.co.uk,Club Office,Oxon Combined Counties Premier North side,,
Harefield United,Step 5-7,Greater London,https://www.harefieldufc.co.uk/,info@harefieldufc.co.uk,Club Office,NW London Combined Counties Premier North side,,
Hartpury University FC,Step 5-7 / University,Gloucestershire,https://www.hartpury.ac.uk/hartpury-fc/,football@hartpury.ac.uk,Football Office,University side competing in senior non-league - dual angle (uni + non-league),+44 1452 702240; media@hartpury.ac.uk for press,+44 1452 702240
Linlithgow Rose,Scottish,West Lothian,https://www.linlithgowrose.co.uk/,info@linlithgowrose.co.uk,Club Office,Lowland League champions 2025-26 - heritage Junior club,,
Clydebank FC,Scottish,West Dunbartonshire,https://www.clydebankfc.com/,info@clydebankfc.com,Club Office,Lowland League side - phoenix from original Clydebank FC,,
Bonnyrigg Rose,Scottish,Midlothian,https://www.bonnyriggrose.co.uk/,info@bonnyriggrose.co.uk,Club Office,Lowland League side - 2024-25 SPFL pyramid play-off contender,,
Berwick Rangers,Scottish,Berwickshire,https://www.berwickrangers.com/,info@berwickrangers.com,Club Office,Famous Lowland League side - England-based ground but Scottish league,,
East Stirlingshire,Scottish,Falkirk,https://www.east-stirlingshire.com/,info@east-stirlingshire.com,Club Office,Lowland League side with strong heritage,,
Albion Rovers,Scottish,North Lanarkshire,https://www.albionroversfc.com/,info@albionroversfc.com,Club Office,Heritage Lowland League side - former SPFL club,,
Cowdenbeath,Scottish,Fife,https://www.cowdenbeathfc.com/,info@cowdenbeathfc.com,Club Office,Heritage Fife Lowland League side - former SPFL,,
Caledonian Braves,Scottish,North Lanarkshire,https://www.caledonianbraves.co.uk/,info@caledonianbraves.co.uk,Club Office,Lowland League side with global social-media following,,
University of Stirling FC,University / Scottish,Stirling,https://stirlingunifc.stir.ac.uk/,chris.geddes@stir.ac.uk,Head Coach/Secretary,Only university in Scottish senior pyramid - Lowland League - dual angle,07739 049047; alt universityofstirling@slfl.co.uk,07739 049047
Brora Rangers,Scottish,Sutherland,https://www.brorarangers.football/,info@brorarangers.football,Club Office,Highland League side - 2024-25 reigning champions,,
Buckie Thistle,Scottish,Moray,https://www.buckiethistlefc.com/,info@buckiethistlefc.com,Club Office,Heritage Moray Highland League side,,
Banks o' Dee,Scottish,Aberdeenshire,https://www.banksodee.co.uk/,info@banksodee.co.uk,Club Office,Aberdeenshire Highland League side,,
Brechin City,Scottish,Angus,https://www.brechincity.com/,info@brechincity.com,Club Office,Heritage former SPFL side - Highland League,,
Fraserburgh FC,Scottish,Aberdeenshire,https://www.fraserburghfc.co.uk/,info@fraserburghfc.co.uk,Club Office,Aberdeenshire Highland League side,,
Huntly FC,Scottish,Aberdeenshire,https://www.huntlyfc.com/,info@huntlyfc.com,Club Office,Aberdeenshire Highland League side,,
Inverurie Loco Works,Scottish,Aberdeenshire,https://www.invurielocofc.co.uk/,info@invurielocofc.co.uk,Club Office,Aberdeenshire Highland League side,,
Nairn County,Scottish,Highland,https://www.nairncountyfc.com/,info@nairncountyfc.com,Club Office,Highland Highland League side,,
Clachnacuddin,Scottish,Highland,https://www.clachfc.co.uk/,info@clachfc.co.uk,Club Office,Inverness Highland League side,,
Formartine United,Scottish,Aberdeenshire,https://www.formartineutd.co.uk/,info@formartineutd.co.uk,Club Office,Aberdeenshire Highland League side,,
Auchinleck Talbot,Scottish,East Ayrshire,https://www.auchinlecktalbotfc.co.uk/,info@auchinlecktalbotfc.co.uk,Club Office,West of Scotland Premier - record Scottish Junior Cup winners,,
Pollok FC,Scottish,Glasgow,https://www.pollokfc.co.uk/,info@pollokfc.co.uk,Club Office,Glasgow West of Scotland Premier side - heritage Junior club,,
Kilwinning Rangers,Scottish,North Ayrshire,https://www.kilwinningrangers.com/,info@kilwinningrangers.com,Club Office,Ayrshire West of Scotland Premier side,,
Beith Juniors,Scottish,North Ayrshire,https://www.beithjuniors.com/,info@beithjuniors.com,Club Office,Ayrshire West of Scotland Premier side,,
Bo'ness Athletic,Scottish,Falkirk,https://www.bonessathletic.co.uk/,info@bonessathletic.co.uk,Club Office,East of Scotland Premier side,,
Penicuik Athletic,Scottish,Midlothian,https://www.penicuikathletic.co.uk/,info@penicuikathletic.co.uk,Club Office,East of Scotland Premier side,,
Newtongrange Star,Scottish,Midlothian,https://www.newtongrangestar.co.uk/,info@newtongrangestar.co.uk,Club Office,East of Scotland Premier side,,
The New Saints,Welsh,Powys (border),https://www.tns-fc.com/,info@tns-fc.com,Club Office,Cymru Premier champions - UEFA regulars - perfect Welsh anchor,,
Bala Town,Welsh,Gwynedd,https://www.balatownfc.co.uk/,info@balatownfc.co.uk,Club Office,Cymru Premier side - North Wales community club,,
Barry Town United,Welsh,Vale of Glamorgan,https://www.barrytownunited.com/,info@barrytownunited.com,Club Office,Heritage Welsh club - community owned,,
Caernarfon Town,Welsh,Gwynedd,https://www.caernarfontown.com/,info@caernarfontown.com,Club Office,Cymru Premier side - North Wales heritage,,
Cardiff Met University,Welsh / University,Cardiff,https://cardiffmetfc.com/,info@cardiffmetfc.com,Club Office,Only university in Cymru Premier - unique dual angle,,
Colwyn Bay,Welsh,Conwy,https://www.colwynbayfc.co.uk/,info@colwynbayfc.co.uk,Club Office,Cymru Premier side - promoted from Cymru North,,
Connah's Quay Nomads,Welsh,Flintshire,https://www.cqnomads.co.uk/,info@cqnomads.co.uk,Club Office,Cymru Premier perennial title challenger,,
Flint Town United,Welsh,Flintshire,https://www.flinttownunitedfc.com/,info@flinttownunitedfc.com,Club Office,Cymru Premier side - heritage North Wales club,,
Haverfordwest County,Welsh,Pembrokeshire,https://www.haverfordwestcountyafc.com/,info@haverfordwestcountyafc.com,Club Office,Cymru Premier side - West Wales,,
Llanelli Town,Welsh,Carmarthenshire,https://www.llanellitownfc.com/,info@llanellitownfc.com,Club Office,Cymru Premier side - promoted from Cymru South,,
Penybont FC,Welsh,Bridgend,https://www.penybontfc.com/,info@penybontfc.com,Club Office,Cymru Premier side,,
Briton Ferry Llansawel,Welsh,Neath Port Talbot,https://www.britonferryllansawel.co.uk/,info@britonferryllansawel.co.uk,Club Office,Cymru Premier side - South Wales community club,,
Llandudno FC,Welsh,Conwy,https://www.llandudnofc.co.uk/,info@llandudnofc.co.uk,Club Office,Cymru North champions 2025-26,,
Airbus UK Broughton,Welsh,Flintshire,https://www.airbusukfc.com/,info@airbusukfc.com,Club Office,Cymru North side - works team with unique sponsor story,,
Newtown AFC,Welsh,Powys,https://www.newtownafc.co.uk/,info@newtownafc.co.uk,Club Office,Cymru North side - 1875 club,,
Caersws FC,Welsh,Powys,https://www.caerswsfc.com/,info@caerswsfc.com,Club Office,Cymru North side,,
Rhyl FC (1879),Welsh,Denbighshire,https://www.rhylfc.com/,info@rhylfc.com,Club Office,Cymru North side - phoenix from original Rhyl FC,,
Annagh United,Northern Ireland,Co. Armagh,https://www.annaghunited.com/,info@annaghunited.com,Club Office,NIFL Championship side,,
Ards FC,Northern Ireland,Co. Down,https://www.ardsfc.co.uk/,info@ardsfc.co.uk,Club Office,Heritage NIFL Championship side,,
Armagh City,Northern Ireland,Co. Armagh,https://www.armaghcityfc.com/,info@armaghcityfc.com,Club Office,NIFL Championship side,,
Ballinamallard United,Northern Ireland,Co. Fermanagh,https://www.ballinamallardunited.com/,info@ballinamallardunited.com,Club Office,NIFL Championship side - rural NI community club,,
Dundela FC,Northern Ireland,Belfast,https://www.dundelafc.com/,info@dundelafc.com,Club Office,East Belfast NIFL Championship side,,
HW Welders,Northern Ireland,Belfast,https://www.hwweldersfc.com/,info@hwweldersfc.com,Club Office,Harland & Wolff Welders - unique works-team heritage,,
Institute FC,Northern Ireland,Co. Londonderry,https://www.institutefc.com/,info@institutefc.com,Club Office,NIFL Championship side - Derry city area,,
Limavady United,Northern Ireland,Co. Londonderry,https://www.limavadyunited.com/,info@limavadyunited.com,Club Office,NIFL Championship side,,
Loughgall FC,Northern Ireland,Co. Armagh,https://www.loughgallfc.com/,info@loughgallfc.com,Club Office,NIFL Championship side - smallest village pro-set-up in UK,,
Newington FC,Northern Ireland,Belfast,https://www.newingtonfc.com/,info@newingtonfc.com,Club Office,Belfast NIFL Championship side,,
Queen's University Belfast,Northern Ireland / University,Belfast,https://www.queensufc.com/,info@queensufc.com,Club Office,Only university in NIFL Championship - dual angle,,
Warrenpoint Town,Northern Ireland,Co. Down,https://www.warrenpointtown.com/,info@warrenpointtown.com,Club Office,NIFL Championship side,,
Loughborough Students FC,University,Leicestershire,https://www.lboro.ac.uk/sport/sports/football/mens/,footballsecretary@lboro.ac.uk,Football Secretary,UK's flagship university football setup - powerhouse of BUCS football,01509 226127; multiple teams in BUCS leagues,01509 226127
Oxford University AFC,University,Oxfordshire,https://www.ouafc.co.uk/,football.club@sport.ox.ac.uk,General Office,Heritage university football - Varsity Match anchor,Committee contacts at /committee,
Cambridge University AFC,University,Cambridgeshire,https://www.cuafc.com/,(contact form),General Office,Heritage university football - Varsity Match anchor,Use website contact form,
UCL FC,University,Greater London,https://www.uclfootball.com/,(via UCL Athletic Union),General Office,Major London university with multiple competitive sides,Routes through UCL Sport Union,
Edinburgh University AFC,University,Edinburgh,https://www.eufc.org.uk/,(contact form),General Office,Largest student club in Scotland - feeds Lowland League,,
University of St Andrews FC,University,Fife,https://www.standrewsfc.co.uk/,(contact form),General Office,Heritage Scottish university football - international student base,,
The Canaries Trust,Trust,Norfolk,https://www.canariestrust.org/,information@canariestrust.org,General Office,Norwich City supporters trust - active membership in 1000s,,
Shareholders United / MUST,Trust,Greater Manchester,https://www.joinmust.org/,info@joinmust.org,General Office,Manchester United Supporters Trust - largest in England by membership,,
Spirit of Shankly,Trust,Merseyside,https://www.spiritofshankly.com/,info@spiritofshankly.com,General Office,Liverpool FC supporters union - 10k+ members,,
Foundation of Hearts,Trust,Edinburgh,https://www.foundationofhearts.org/,info@foundationofhearts.org,General Office,Heart of Midlothian fan-ownership group - majority owners of the club,,
The Dons Trust,Trust,South-west London,https://thedonstrust.org/,membership@thedonstrust.org,Membership,Owners of AFC Wimbledon - landmark fan-ownership model,,
Wrexham Supporters Trust,Trust,Wrexham,https://www.wstgb.co.uk/,info@wstgb.co.uk,General Office,Heritage supporters trust - retains stake post-takeover,,
Exeter City Supporters Trust,Trust,Devon,https://www.weownexeter.co.uk/,info@weownexeter.co.uk,General Office,Majority owner of Exeter City - 4000+ members,,
Newport County Supporters Trust,Trust,Gwent,https://www.newportcountysupporterstrust.co.uk/,info@newportcountysupporterstrust.co.uk,General Office,Welsh phoenix club's fan-owner organisation,,
