name,tier,region,website,best_contact_email,best_contact_role,why_target,notes,phone
US Soccer Federation,federation-national,Chicago IL (HQ); national,https://www.ussoccer.com/,info@ussoccer.com,General Inbox,Sole governing body of soccer in the United States; greenlights or signals every grassroots channel; co-host federation for WC2026,1801 S Prairie Ave Chicago IL 60616; CEO JT Batson; Comms VP Neil Buethe; media via communications@ussoccer.com,+1 312 808 1300
US Soccer Foundation,federation-national,Washington DC; national,https://ussoccerfoundation.org/,info@ussoccerfoundation.org,General Inbox,Largest charitable arm of US soccer; runs Soccer for Success in 400+ cities and operates the Safe Places to Play grant network; perfect WC2026 youth-engagement multiplier,1133 19th St NW Suite 200 Washington DC 20036; CEO Ed Foster-Simeon; comms@ussoccerfoundation.org also valid,+1 202 872 9277
US Youth Soccer Association (USYSA),federation-national,Frisco TX (HQ); national 55 state assocs,https://www.usyouthsoccer.org/,info@usyouthsoccer.org,General Inbox,Largest youth sport organization in the US with ~2.5M registered players across 55 state associations and 7000+ leagues; one yes here cascades to every state member,9220 World Cup Way Frisco TX 75033; CEO Skip Gilbert; media via comms@usyouthsoccer.org (unverified pattern),+1 800 476 2237
US Club Soccer,federation-national,Charleston SC; national,https://www.usclubsoccer.org/,info@usclubsoccer.org,General Inbox,Alternative national sanctioning body for ~600K youth players including the ECNL pipeline; parallel channel to USYSA,9624 Highway 17 N Suite 100 Charleston SC 29456; CEO Mike Cullina; staff format {first}.{last}@usclubsoccer.org (unverified),+1 843 429 0006
American Youth Soccer Organization (AYSO),federation-national,Hawthorne CA (HQ); national,https://www.ayso.org/,support@ayso.org,National Support Center,~400K youth players nationwide with strong volunteer-parent base; WC2026 viewing-party engine for every AYSO region,19750 S Vermont Ave Suite 200 Torrance CA 90502; CEO Robert Koger; media via marketing@ayso.org (unverified pattern),+1 800 872 2976
Major League Soccer (MLS),federation-national,New York NY (HQ); 30 clubs US+CA,https://www.mlssoccer.com/,(contact form),League Office Comms,Top-tier US/Canada men's pro league; central league comms can co-signal a fan tool ahead of WC2026 across all 30 clubs,1 SoHo Square 161 Avenue of the Americas New York NY 10013; Commissioner Don Garber; press via press@mlssoccer.com (verified),+1 212 450 1200
National Women's Soccer League (NWSL),federation-national,New York NY (HQ); 14 clubs national,https://www.nwslsoccer.com/,info@nwslsoccer.com,League Office Inbox,Top US women's pro league; FIFA Women's WC 2027 also looming so WC2026 men's pool engages the same fan crossover; broadcast deal with CBS+Amazon+ESPN+ION drives audience,488 Madison Ave 15th Floor New York NY 10022; Commissioner Jessica Berman; comms via media@nwslsoccer.com (unverified),
United Soccer League (USL),federation-national,Tampa FL (HQ); 50+ clubs national,https://www.uslsoccer.com/,info@uslsoccer.com,League Office Inbox,Parent body for USL Championship USL League One USL League Two and the new USL Super League; ~50 clubs across the Sun Belt and Midwest; one yes cascades to the entire USL pyramid,615 Channelside Drive Suite 200 Tampa FL 33602; CEO Alec Papadakis; press via communications@uslsoccer.com,+1 813 685 2308
MLS Players Association,federation-national,Washington DC; national,https://mlsplayers.org/,info@mlsplayers.org,Executive Office,Player union covering all MLS rostered players; co-signal moves locker rooms which moves club socials,529 14th St NW Suite 1280 Washington DC 20045; Executive Director Bob Foose,+1 202 552 4912
United Soccer Coaches,federation-national,Kansas City MO; national,https://unitedsoccercoaches.org/,info@unitedsoccercoaches.org,General Inbox,Largest soccer coaches association in the world with ~30K members from rec to pro; perfect WC2026 educator channel,30 West Pershing Rd Suite 350 Kansas City MO 64108; CEO Jamie McCloskey; media@unitedsoccercoaches.org (unverified),+1 800 458 0678
United Premier Soccer League (UPSL),federation-national,Westlake Village CA; national,https://www.upslsoccer.com/,info@upslsoccer.com,General Inbox,400+ adult amateur clubs across 30+ states; minimal gatekeeping; high-engagement community game,Operates Conference structure with semi-pro and pro pathway,
National Premier Soccer League (NPSL),federation-national,Saint Louis MO; national,https://www.npsl.com/,info@npsl.com,General Inbox,~100 semi-pro clubs across the US; strong supporters culture at member clubs (Detroit City FC alum and similar),Member-owned league; commissioner Cindy Spera,
USL W League,pro-womens-usl,Tampa FL; national,https://www.uslwleague.com/,info@uslwleague.com,League Office Inbox,Pre-pro women's league with 90+ clubs across 14 conferences; collegiate summer pathway feeds NWSL,Part of USL portfolio; share infra with USL,
USL Academy League,academy,Tampa FL; national,https://www.uslsoccer.com/usl-academy/,info@uslsoccer.com,League Office Inbox,Top youth pathway under USL with 100+ academies; co-signal with USL parent makes outreach efficient,Shared press desk with USL,
Atlanta United FC,pro-mens-mls,Atlanta GA,https://www.atlutd.com/,info@atlutd.com,Club Inbox,WC2026 host-city club with the largest fan-built MLS culture in the US; 70K avg attendance; Mercedes-Benz Stadium hosts 8 WC2026 matches,Owned by Arthur Blank; communications via media.relations@atlutd.com (unverified); part of AMB Sports,+1 470 341 5000
Austin FC,pro-mens-mls,Austin TX,https://www.austinfc.com/,info@austinfc.com,Club Inbox,Tech-forward fan base and strong supporters culture (Los Verdes Austin Anthem La Murga); receptive to product partnerships,Owned by Anthony Precourt + Matthew McConaughey; press@austinfc.com (unverified),+1 512 953 2299
CF Montreal,pro-mens-mls,Montreal QC (Canada-based but MLS),https://www.cfmontreal.com/,info@cfmontreal.com,Club Inbox,Quebec market with French+English bilingual angle; covered separately for Canada list but inclusion here for completeness,Owned by Joey Saputo; CRSS Stade Saputo,
Charlotte FC,pro-mens-mls,Charlotte NC,https://www.charlottefootballclub.com/,info@charlottefootballclub.com,Club Inbox,Top-3 MLS attendance and growing supporters scene at Bank of America Stadium; Carolinas market still building football culture,Owned by David Tepper; staff format {first}.{last}@charlottefootballclub.com (unverified),+1 980 224 6868
Chicago Fire FC,pro-mens-mls,Chicago IL,https://www.chicagofirefc.com/,info@chicagofirefc.com,Club Inbox,WC2026 host city via Soldier Field; large Mexican-American base in Chicago; Sector Latino supporters group,Owned by Joe Mansueto; press@chicagofirefc.com,+1 888 657 3473
FC Cincinnati,pro-mens-mls,Cincinnati OH,https://www.fccincinnati.com/,info@fccincinnati.com,Club Inbox,Strong supporters culture (Die Innenstadt Pride+Glory) and TQL Stadium 26K SRO atmosphere; outstate Ohio market without NBA,Owned by Carl Lindner III; press@fccincinnati.com (unverified),+1 513 977 5425
Colorado Rapids,pro-mens-mls,Commerce City CO,https://www.coloradorapids.com/,info@coloradorapids.com,Club Inbox,Front Range fan base with Burgundy Wave supporters and Centennial 38; Kroenke Sports portfolio gives access to wider AEG-style media,Owned by Stan Kroenke (KSE),+1 303 727 3500
Columbus Crew,pro-mens-mls,Columbus OH,https://www.columbuscrew.com/,info@columbuscrew.com,Club Inbox,Lower com supporters group is one of the loudest in MLS; back-to-back MLS Cup contenders; Lower.com Field downtown,Owned by Haslam Sports Group + Pete Edwards; press@columbuscrew.com (unverified),+1 614 447 4151
DC United,pro-mens-mls,Washington DC,https://www.dcunited.com/,info@dcunited.com,Club Inbox,Founding MLS club with Screaming Eagles + Barra Brava supporters; Audi Field in WC2026 federation HQ market,Owned by Jason Levien; press@dcunited.com (unverified),+1 202 587 5000
FC Dallas,pro-mens-mls,Frisco TX,https://www.fcdallas.com/,info@fcdallas.com,Club Inbox,WC2026 host-city club via Dallas (AT&T Stadium hosts 9 WC2026 matches inc semi-final); largest US youth academy footprint via Frisco campus,Owned by Hunt Sports Group (Lamar Hunt family); same campus as US Youth Soccer HQ,+1 214 705 6700
Houston Dynamo FC,pro-mens-mls,Houston TX,https://www.houstondynamofc.com/,info@houstondynamofc.com,Club Inbox,WC2026 host city via NRG Stadium (7 matches); Hispanic majority market; El Batallon supporters,Owned by Ted Segal; press@houstondynamofc.com (unverified),+1 713 276 7500
Inter Miami CF,pro-mens-mls,Fort Lauderdale FL,https://www.intermiamicf.com/,info@intermiamicf.com,Club Inbox,Messi+Argentina jersey crossover during WC2026 in host city; ~28M Instagram followers; the single biggest US replica-jersey story of 2026,Owned by Jorge Mas + David Beckham; press@intermiamicf.com (verified); Miami also WC2026 host via Hard Rock Stadium (7 matches),+1 305 428 2200
LA Galaxy,pro-mens-mls,Carson CA,https://www.lagalaxy.com/,info@lagalaxy.com,Club Inbox,WC2026 host-city via SoFi Stadium / Rose Bowl (LA hosts 8 matches); largest US club fan base measured cumulatively since 96,Owned by AEG; press via communications@lagalaxy.com (unverified),+1 877 342 5299
Los Angeles FC (LAFC),pro-mens-mls,Los Angeles CA,https://www.lafc.com/,info@lafc.com,Club Inbox,WC2026 host city via LA venues; 3252 supporters section + bilingual EN/ES club comms; A-list ownership,Owned by Larry Berg + Bennett Rosenthal + Magic Johnson + Will Ferrell; press@lafc.com (unverified),+1 213 519 9900
Minnesota United FC,pro-mens-mls,Saint Paul MN,https://www.mnufc.com/,info@mnufc.com,Club Inbox,Twin Cities market with Dark Clouds + True North Elite supporters; Allianz Field 19K SRO atmosphere,Owned by Bill McGuire; press@mnufc.com (unverified),+1 763 476 2237
Nashville SC,pro-mens-mls,Nashville TN,https://www.nashvillesc.com/,info@nashvillesc.com,Club Inbox,GEODIS Park largest SSS in MLS at 30K; Backline + Roadies supporters; growing music-industry crossover,Owned by John Ingram; press@nashvillesc.com (unverified),+1 615 750 8800
New England Revolution,pro-mens-mls,Foxborough MA,https://www.revolutionsoccer.net/,info@revolutionsoccer.net,Club Inbox,WC2026 host-city via Gillette Stadium (Boston hosts 7 matches inc QF); Midnight Riders + Rebellion supporters,Owned by Kraft Sports + Entertainment (same as Patriots); press@revolutionsoccer.net (unverified),+1 877 438 7387
New York City FC (NYCFC),pro-mens-mls,New York NY,https://www.nycfc.com/,info@nycfc.com,Club Inbox,WC2026 host-city via MetLife Stadium (NY/NJ hosts 8 matches inc the FINAL on July 19); largest US media market,Owned by City Football Group + Yankee Global Enterprises; press@nycfc.com (unverified),+1 855 776 9232
New York Red Bulls,pro-mens-mls,Harrison NJ,https://www.newyorkredbulls.com/,info@newyorkredbulls.com,Club Inbox,WC2026 host market (MetLife hosts the FINAL); Empire Supporters Club + Garden State Ultras + Viking Army; deep youth pyramid via Red Bulls Academy,Owned by Red Bull GmbH; press@newyorkredbulls.com (unverified),+1 877 727 6223
Orlando City SC,pro-mens-mls,Orlando FL,https://www.orlandocitysc.com/,info@orlandocitysc.com,Club Inbox,Inter&Co Stadium 25K SRO; Iron Lion Firm + Ruckus + La Familia supporters; large Brazilian + Puerto Rican fan base; Florida WC2026 corridor,Owned by Wilf Family Limited Partnership (Mark + Zygi Wilf); press@orlandocitysc.com (unverified),+1 855 675 2489
Philadelphia Union,pro-mens-mls,Chester PA,https://www.philadelphiaunion.com/,info@philadelphiaunion.com,Club Inbox,WC2026 host-city via Lincoln Financial Field (Philly hosts 6 matches); Sons of Ben supporters culture; Subaru Park SRO atmosphere,Owned by Jay Sugarman; press@philadelphiaunion.com (unverified),+1 877 218 6466
Portland Timbers,pro-mens-mls,Portland OR,https://www.timbers.com/,info@timbers.com,Club Inbox,Timbers Army the gold-standard MLS supporters group with 4K+ active members; Providence Park atmosphere national reference,Owned by Merritt Paulson (Peregrine Sports); press@timbersfc.com (unverified),+1 503 553 5400
Real Salt Lake,pro-mens-mls,Sandy UT,https://www.rsl.com/,info@rsl.com,Club Inbox,Riot + La Barra Real + Section 26 supporters; America First Field 20K; Utah's only pro soccer team,Owned by David Blitzer + Ryan Smith group; press@rsl.com (unverified),+1 866 976 2237
San Diego FC,pro-mens-mls,San Diego CA,https://www.sandiegofc.com/,info@sandiegofc.com,Club Inbox,2025 MLS expansion club with cross-border Tijuana audience and Sycuan Band of the Kumeyaay Nation co-ownership; Mexico-jersey halo during WC2026,First MLS club with Indigenous nation co-ownership; press@sandiegofc.com (unverified),+1 619 786 9700
San Jose Earthquakes,pro-mens-mls,San Jose CA,https://www.sjearthquakes.com/,info@sjearthquakes.com,Club Inbox,WC2026 host market via Levi's Stadium (Bay Area hosts 6 matches); 1906 Ultras supporters group; oldest MLS franchise lineage,Owned by John Fisher; press@sjearthquakes.com (unverified),+1 408 556 7700
Seattle Sounders FC,pro-mens-mls,Seattle WA,https://www.soundersfc.com/,info@soundersfc.com,Club Inbox,WC2026 host-city via Lumen Field (Seattle hosts 6 matches); ECS + Gorilla FC supporters; largest MLS season-ticket base historically,Owned by Adrian Hanauer + Drew Carey + others; press@soundersfc.com (unverified),+1 877 657 4625
Sporting Kansas City,pro-mens-mls,Kansas City KS,https://www.sportingkc.com/,info@sportingkc.com,Club Inbox,WC2026 host-city via Arrowhead Stadium (KC hosts 6 matches); Cauldron supporters culture; KC United Coalition fan base,Owned by Sporting Club LLC (Cliff Illig + others); press@sportingkc.com (unverified),+1 888 425 1100
St Louis City SC,pro-mens-mls,Saint Louis MO,https://www.stlcitysc.com/,info@stlcitysc.com,Club Inbox,Citypark 22K SRO; St Louligans + Bauerngrenadiere + Saint Lou Crew supporters; rabid soccer city debut 2023,Owned by Carolyn Kindle group; press@stlcitysc.com (unverified),+1 314 423 4500
Toronto FC,pro-mens-mls,Toronto ON (Canada),https://www.torontofc.ca/,info@torontofc.ca,Club Inbox,Canada-based but in MLS; covered separately for Canada list,Owned by MLSE; included for MLS completeness,
Vancouver Whitecaps FC,pro-mens-mls,Vancouver BC (Canada),https://www.whitecapsfc.com/,info@whitecapsfc.com,Club Inbox,WC2026 Canada host city via BC Place; covered separately for Canada list,Owned by Greg Kerfoot + Steve Luczo + Jeff Mallett + Steve Nash,
Angel City FC,pro-womens-nwsl,Los Angeles CA,https://www.angelcity.com/,info@angelcity.com,Club Inbox,LA-based NWSL club with Natalie Portman ownership and celebrity-driven brand; WC2026 host market overlap,Owned by Natalie Portman + Kara Nortman + Julie Uhrman; press@angelcity.com (unverified),
Bay FC,pro-womens-nwsl,San Jose CA,https://www.bayfc.com/,info@bayfc.com,Club Inbox,2024 NWSL expansion club in Bay Area; PayPal Park; WC2026 Bay Area host market,Owned by Sixth Street + Brandi Chastain + Aly Wagner + others; press@bayfc.com (unverified),
Boston Legacy FC,pro-womens-nwsl,Boston MA,https://www.bostonlegacyfc.com/,info@bostonlegacyfc.com,Club Inbox,2026 NWSL expansion club (rebrand from Boston Unity); WC2026 host market overlap via Gillette,Owned by Jennifer Epstein + others; rebranded May 2025; press@bostonlegacyfc.com (unverified),
Chicago Stars FC,pro-womens-nwsl,Bridgeview IL,https://www.chicagostars.com/,info@chicagostars.com,Club Inbox,Chicago Red Stars rebrand 2024; SeatGeek Stadium; WC2026 Chicago host market,Owned by Laura Ricketts group; press@chicagostars.com (unverified),
Houston Dash,pro-womens-nwsl,Houston TX,https://www.houstondash.com/,info@houstondash.com,Club Inbox,Shares ops with Houston Dynamo; PNC Stadium; WC2026 host market,Owned by Ted Segal; press@houstondash.com (unverified),
Kansas City Current,pro-womens-nwsl,Kansas City MO,https://www.kansascitycurrent.com/,info@kansascitycurrent.com,Club Inbox,CPKC Stadium first purpose-built womens-pro stadium globally 11K SRO; WC2026 KC host market,Owned by Angie + Chris Long + Brittany Mahomes; press@kansascitycurrent.com (unverified),
Gotham FC,pro-womens-nwsl,Harrison NJ,https://www.gothamfc.com/,info@gothamfc.com,Club Inbox,2023 NWSL Champions; Red Bull Arena; WC2026 NY/NJ host market for the Final,Owned by Tammy Murphy + Edward Naskhar + others; press@gothamfc.com (unverified),
North Carolina Courage,pro-womens-nwsl,Cary NC,https://www.northcarolinacourage.com/,info@northcarolinacourage.com,Club Inbox,WakeMed Soccer Park; deepest women's pro pyramid in US (also runs Courage Academy + NC FC men's USL),Owned by Steve Malik; press@northcarolinacourage.com (unverified),
Orlando Pride,pro-womens-nwsl,Orlando FL,https://www.orlandopride.com/,info@orlandopride.com,Club Inbox,2024 NWSL Champions; shares ops with Orlando City SC; Inter&Co Stadium; large Florida fan base,Owned by Wilf Family; press@orlandopride.com (unverified),
Portland Thorns FC,pro-womens-nwsl,Portland OR,https://www.portlandthorns.com/,info@portlandthorns.com,Club Inbox,Largest crowds in NWSL history; Providence Park; Riveters supporters group,Owned by RAJ Sports (Lisa Bhathal Merage); press@portlandthorns.com (unverified),
Racing Louisville FC,pro-womens-nwsl,Louisville KY,https://www.racinglouisville.com/,info@racinglouisville.com,Club Inbox,Lynn Family Stadium; shares ownership with Louisville City FC (USL); growing Bluegrass fan base,Owned by Soccer Holdings LLC (John Neace + Brad Estes); press@racinglouisville.com (unverified),
San Diego Wave FC,pro-womens-nwsl,San Diego CA,https://www.sandiegowavefc.com/,info@sandiegowavefc.com,Club Inbox,Snapdragon Stadium 32K record NWSL crowds; cross-border Tijuana market overlap during WC2026,Owned by Ron Burkle; press@sandiegowavefc.com (unverified),
Seattle Reign FC,pro-womens-nwsl,Seattle WA,https://www.reignfc.com/,info@reignfc.com,Club Inbox,Seattle WC2026 host market overlap; Lumen Field shared with Sounders,Owned by Carlyle Group; press@reignfc.com (unverified),
Utah Royals FC,pro-womens-nwsl,Sandy UT,https://www.utahroyals.com/,info@utahroyals.com,Club Inbox,Re-launched 2024 alongside Real Salt Lake; America First Field; LDS Mountain West market,Owned by David Blitzer + Ryan Smith group; press@utahroyals.com (unverified),
Washington Spirit,pro-womens-nwsl,Washington DC,https://www.washingtonspirit.com/,info@washingtonspirit.com,Club Inbox,Audi Field; WC2026 DC market overlap; growing brand around Trinity Rodman,Owned by Michele Kang; press@washingtonspirit.com (unverified),
Birmingham Legion FC,pro-mens-usl,Birmingham AL,https://www.bhmlegion.com/,info@bhmlegion.com,Club Inbox,Protective Stadium; Magic City Brigade supporters; Deep South market without MLS,Owned by Jay Heaps group; press@bhmlegion.com (unverified),
Charleston Battery,pro-mens-usl,Charleston SC,https://www.charlestonbattery.com/,info@charlestonbattery.com,Club Inbox,Oldest continuously operated USL club; Patriots Point Stadium; Charleston culture market,Owned by HCFC LLC; press@charlestonbattery.com (unverified),
Detroit City FC,pro-mens-usl,Detroit MI,https://www.detcityfc.com/,info@detcityfc.com,Club Inbox,Largest US lower-division supporters culture (Northern Guard); Keyworth Stadium; community-owned model,Community-owned through DCFC investor club; press@detcityfc.com (unverified),
El Paso Locomotive FC,pro-mens-usl,El Paso TX,https://www.eplocomotivefc.com/,info@eplocomotivefc.com,Club Inbox,Borderland market with majority Mexican-American fan base; Southwest University Park; Mexico-jersey halo during WC2026,Owned by MountainStar Sports Group (Paul Foster + others),
FC Tulsa,pro-mens-usl,Tulsa OK,https://www.fctulsa.com/,info@fctulsa.com,Club Inbox,ONEOK Field; Roughnecks supporters; growing Oklahoma soccer market,Owned by JW Childs group,
Hartford Athletic,pro-mens-usl,Hartford CT,https://www.hartfordathletic.com/,info@hartfordathletic.com,Club Inbox,Pratt & Whitney Stadium; Hartfordians supporters; Connecticut single pro soccer market,Owned by Bruce Mandell + others,
Indy Eleven,pro-mens-usl,Indianapolis IN,https://www.indyeleven.com/,info@indyeleven.com,Club Inbox,IUPUI Carroll Stadium; Brickyard Battalion + Slaughterhouse 19 supporters; one of the loudest USL crowds,Owned by Ersal Ozdemir,
Las Vegas Lights FC,pro-mens-usl,Las Vegas NV,https://www.lightsfc.com/,info@lightsfc.com,Club Inbox,Cashman Field; quirky brand with strong local nightlife crossover; Hispanic-majority market,Owned by Brett Lashbrook,
Loudoun United FC,pro-mens-usl,Leesburg VA,https://www.loudoununitedfc.com/,info@loudoununitedfc.com,Club Inbox,DC United-affiliated USL Championship side; Segra Field; NoVA market,Affiliated with DC United; press@loudoununitedfc.com (unverified),
Louisville City FC,pro-mens-usl,Louisville KY,https://www.loucity.com/,info@loucity.com,Club Inbox,Lynn Family Stadium; Coopers + Lavender Legion supporters; multiple USL titles; shares with Racing Louisville,Owned by Soccer Holdings LLC,
Memphis 901 FC,pro-mens-usl,Memphis TN,https://www.memphis901fc.com/,info@memphis901fc.com,Club Inbox,AutoZone Park; Bluff City Mafia + Park Ave Originals supporters,Owned by Peter Freund group,
Miami FC,pro-mens-usl,Miami FL,https://www.miamifc.com/,info@miamifc.com,Club Inbox,FIU Stadium; Latino-majority market; Miami WC2026 host city for 7 matches,Owned by Riccardo Silva,
Monterey Bay FC,pro-mens-usl,Seaside CA,https://www.montereybayfc.com/,info@montereybayfc.com,Club Inbox,Cardinale Stadium; Central Coast California pro soccer single-market team,Owned by Cardinale family,
New Mexico United,pro-mens-usl,Albuquerque NM,https://www.newmexicoutd.com/,info@newmexicoutd.com,Club Inbox,Isotopes Park; The Curse supporters group; majority-Hispanic state with Mexico-jersey halo during WC2026,Owned by Peter Trevisani; press@newmexicoutd.com (unverified),
North Carolina FC,pro-mens-usl,Cary NC,https://www.northcarolinafc.com/,info@northcarolinafc.com,Club Inbox,WakeMed Soccer Park; shares ops with NC Courage,Owned by Steve Malik,
Oakland Roots SC,pro-mens-usl,Oakland CA,https://www.oaklandrootssc.com/,info@oaklandrootssc.com,Club Inbox,Pivotal community-owned model with social-justice brand; Pioneer Stadium shared with Oakland Soul,Common ownership with Oakland Soul SC (USL Super League),
Oakland Soul SC,pro-womens-usl,Oakland CA,https://www.oaklandsoulsc.com/,info@oaklandsoulsc.com,Club Inbox,USL Super League founding club; co-located with Oakland Roots,Common ownership with Oakland Roots; press@oaklandsoulsc.com (unverified),
Orange County SC,pro-mens-usl,Irvine CA,https://www.orangecountysoccer.com/,info@orangecountysoccer.com,Club Inbox,Championship Soccer Stadium 5K; pioneer SoCal USL club,Owned by James Keston,
Phoenix Rising FC,pro-mens-usl,Phoenix AZ,https://www.phxrisingfc.com/,info@phxrisingfc.com,Club Inbox,Phoenix Rising Soccer Complex; La Furia Roja Norte supporters; Mexico-jersey halo during WC2026,Owned by Berke Bakay + others; press@phxrisingfc.com (unverified),
Pittsburgh Riverhounds SC,pro-mens-usl,Pittsburgh PA,https://www.riverhounds.com/,info@riverhounds.com,Club Inbox,Highmark Stadium; Steel Army supporters; one of the oldest USL clubs,Owned by Tuffy Shallenberger family,
Rhode Island FC,pro-mens-usl,Pawtucket RI,https://www.rhodeislandfc.com/,info@rhodeislandfc.com,Club Inbox,Centreville Bank Stadium (opened 2024); Ocean State single pro soccer side,Owned by Brett Johnson group,
Sacramento Republic FC,pro-mens-usl,Sacramento CA,https://www.sacrepublicfc.com/,info@sacrepublicfc.com,Club Inbox,Heart Health Park; Tower Bridge Battalion supporters; largest USL fan base sustained over a decade,Owned by Kevin Nagle; press@sacrepublicfc.com (unverified),
San Antonio FC,pro-mens-usl,San Antonio TX,https://www.sanantoniofc.com/,info@sanantoniofc.com,Club Inbox,Toyota Field; Crocketteers supporters; Mexico-jersey halo during WC2026 (majority-Hispanic),Owned by Spurs Sports & Entertainment,
Tampa Bay Rowdies,pro-mens-usl,Saint Petersburg FL,https://www.rowdiessoccer.com/,info@rowdiessoccer.com,Club Inbox,Al Lang Stadium on Tampa Bay waterfront; Ralph's Mob supporters; classic NASL heritage brand,Owned by Bill Edwards + St Pete TB Rays group; press@rowdiessoccer.com (unverified),
Charlotte Independence,pro-mens-usl,Matthews NC,https://www.charlotteindependence.com/,info@charlotteindependence.com,Club Inbox,USL League One side; Sportsplex at Matthews,Owned by Jim McPhilliamy,
Chattanooga FC,pro-mens-usl,Chattanooga TN,https://www.chattanoogafc.com/,info@chattanoogafc.com,Club Inbox,USL League One; Finley Stadium; Chattahooligans supporters; long-running community ownership story,Community-owned in part (CFC Foundation),
Forward Madison FC,pro-mens-usl,Madison WI,https://www.forwardmadisonfc.com/,info@forwardmadisonfc.com,Club Inbox,USL League One; Breese Stevens Field; Flock supporters; cult-favorite kits and branding,Owned by Big Top Events / Peter Wilt; press@forwardmadisonfc.com (unverified),
Greenville Triumph SC,pro-mens-usl,Greenville SC,https://www.greenvilletriumph.com/,info@greenvilletriumph.com,Club Inbox,USL League One; Legacy Early College Stadium; Upstate SC market,Owned by Joe Erwin + others,
Lexington SC,pro-mens-usl,Lexington KY,https://www.lexingtonsporting.club/,info@lexingtonsc.com,Club Inbox,USL League One; Lexington SC Stadium 7500; growing Bluegrass market,Owned by Bill Shively,
Northern Colorado Hailstorm FC,pro-mens-usl,Windsor CO,https://www.hailstormfc.com/,info@hailstormfc.com,Club Inbox,USL League One; Future Legends Complex; Northern Colorado market,Owned by Jeff Katofsky,
One Knoxville SC,pro-mens-usl,Knoxville TN,https://www.oneknoxsc.com/,info@oneknoxsc.com,Club Inbox,USL League One; Covenant Health Park; East Tennessee market,Owned by Drew McKenna,
South Georgia Tormenta FC,pro-mens-usl,Statesboro GA,https://www.tormentafc.com/,info@tormentafc.com,Club Inbox,USL League One; Erk Russell Park; SE Georgia market,Owned by Darin Van Tassell,
Spokane Velocity FC,pro-mens-usl,Spokane WA,https://www.spokanevelocityfc.com/,info@spokanevelocityfc.com,Club Inbox,USL League One; ONE Spokane Stadium 5K; Inland Northwest market,Owned by Brett Sports group,
Union Omaha,pro-mens-usl,Omaha NE,https://www.unionomaha.com/,info@unionomaha.com,Club Inbox,USL League One; Werner Park; Owlies supporters; multiple title contender,Owned by Gary Green family,
Westchester SC,pro-mens-usl,Mount Vernon NY,https://www.westchestersc.com/,info@westchestersc.com,Club Inbox,USL League One; Memorial Field; NY suburban market,Owned by Sebastien de Halleux + others,
Brooklyn FC,pro-womens-usl,Brooklyn NY,https://www.brooklynfc.com/,info@brooklynfc.com,Club Inbox,USL Super League founding club; Maimonides Park (Coney Island); NYC women's pro market,Owned by Bay FC Investments group,
Carolina Ascent FC,pro-womens-usl,Charlotte NC,https://www.carolinaascentfc.com/,info@carolinaascentfc.com,Club Inbox,USL Super League; American Legion Memorial Stadium; Carolinas women's pro entry,Owned by Charlotte Independence parent (Jim McPhilliamy),
Dallas Trinity FC,pro-womens-usl,Dallas TX,https://www.dallastrinityfc.com/,info@dallastrinityfc.com,Club Inbox,USL Super League; Cotton Bowl; WC2026 host market overlap,Owned by Brad Bonham group,
DC Power FC,pro-womens-usl,Washington DC,https://www.dcpowerfc.com/,info@dcpowerfc.com,Club Inbox,USL Super League; Audi Field; DC women's pro alternative to Washington Spirit (NWSL),Owned by Jordan Stuart group,
Fort Lauderdale United FC,pro-womens-usl,Fort Lauderdale FL,https://www.flunitedfc.com/,info@flunitedfc.com,Club Inbox,USL Super League; Beyond Bancard Field (shared with Inter Miami training complex); Florida women's market,Owned by Tommy Smith group,
Lexington SC Women,pro-womens-usl,Lexington KY,https://www.lexingtonsporting.club/,info@lexingtonsc.com,Club Inbox,USL Super League sister side to Lexington SC men's,Owned by Bill Shively,
Spokane Zephyr FC,pro-womens-usl,Spokane WA,https://www.spokanezephyrfc.com/,info@spokanezephyrfc.com,Club Inbox,USL Super League; ONE Spokane Stadium shared with Spokane Velocity,Owned by Brett Sports group,
Tampa Bay Sun FC,pro-womens-usl,Tampa FL,https://www.tampabaysunfc.com/,info@tampabaysunfc.com,Club Inbox,USL Super League inaugural champions 2025; Riverfront Stadium; FL women's pro market,Owned by Tommy Smith group,
Carolina Core FC,mls-next-pro,High Point NC,https://www.carolinacorefc.com/,info@carolinacorefc.com,Club Inbox,MLS NEXT Pro independent (no MLS parent); Truist Point; growing Triad NC market,Owned by Dan Sheats + others,
Chattanooga FC II,mls-next-pro,Chattanooga TN,https://www.chattanoogafc.com/,info@chattanoogafc.com,Club Inbox,MLS NEXT Pro independent affiliate of CFC,Linked to Chattanooga FC (USL League One),
Huntsville City FC,mls-next-pro,Huntsville AL,https://www.huntsvillecityfc.com/,info@huntsvillecityfc.com,Club Inbox,MLS NEXT Pro affiliate of Nashville SC; Joe Davis Stadium,Owned by John Ingram group,
North Texas SC,mls-next-pro,Frisco TX,https://www.northtexassoccerclub.com/,info@northtexassoccerclub.com,Club Inbox,MLS NEXT Pro affiliate of FC Dallas; shared Frisco campus,Owned by Hunt Sports Group,
Tacoma Defiance,mls-next-pro,Tacoma WA,https://www.tacomadefiance.com/,info@tacomadefiance.com,Club Inbox,MLS NEXT Pro affiliate of Seattle Sounders; Starfire Sports Complex,Owned by Sounders ownership group,
California Youth Soccer Association North (Cal North),federation-state-youth,San Jose CA,https://www.calnorth.org/,info@calnorth.org,General Inbox,~120K youth players across Northern California; one of the largest state youth assocs in the US; WC2026 Bay Area host overlap,1040 Serpentine Lane Suite 201 Pleasanton CA 94566; CEO Mike Lance,+1 925 426 5437
California State Soccer Association South (Cal South),federation-state-youth,Fullerton CA,https://www.calsouth.com/,info@calsouth.com,General Inbox,~180K youth players across Southern California; largest single state youth assoc in the US; WC2026 LA host overlap; bilingual EN/ES,1029 N Allen Ave Pasadena CA 91104; CEO Eric Gomez,+1 714 778 2972
Eastern New York Youth Soccer Association,federation-state-youth,East Meadow NY,https://www.enysoccer.com/,office@enysoccer.com,General Inbox,Long Island + NYC borough + lower Hudson Valley youth pyramid; WC2026 NY/NJ host overlap inc the Final,3030 Hempstead Tpke East Meadow NY 11554,+1 516 766 0849
New York State West Youth Soccer Association,federation-state-youth,Rochester NY,https://www.nyswysa.org/,info@nyswysa.org,General Inbox,Western NY youth pyramid covering Rochester Buffalo Syracuse,4914 W Genesee St Camillus NY 13031,+1 315 451 1972
Eastern Pennsylvania Youth Soccer,federation-state-youth,King of Prussia PA,https://www.epysa.org/,info@epysa.org,General Inbox,~125K youth players in Eastern PA; WC2026 Philadelphia host overlap,4070 Butler Pike Suite 100 Plymouth Meeting PA 19462,+1 610 238 9966
Pennsylvania West Soccer Association,federation-state-youth,Pittsburgh PA,https://www.pawestsoccer.org/,info@pawestsoccer.org,General Inbox,Western PA youth pyramid centered on Pittsburgh,4 Walnut St Suite 300 Coraopolis PA 15108,+1 412 269 5527
Texas State Soccer Association South (South Texas Youth Soccer),federation-state-youth,Austin TX,https://www.stxsoccer.org/,info@stxsoccer.org,General Inbox,~100K youth players from South Texas inc Houston San Antonio Austin Valley; WC2026 Houston + Dallas host overlap; Mexico-jersey halo,1221 W Ben White Blvd Suite B-100 Austin TX 78704,+1 512 252 7773
North Texas Soccer Association,federation-state-youth,Garland TX,https://www.ntxsoccer.org/,info@ntxsoccer.org,General Inbox,Largest single state youth assoc by registration in TX with ~150K players; WC2026 Dallas host overlap,3220 Commander Dr Carrollton TX 75006,+1 972 235 4499
Florida Youth Soccer Association,federation-state-youth,Auburndale FL,https://www.fysa.com/,info@fysa.com,General Inbox,~200K youth players across all of Florida; WC2026 Miami host overlap; large Latino-heritage base,2390 US Highway 92 East Auburndale FL 33823; CEO Chris Pasquino,+1 863 268 8220
Illinois Youth Soccer Association,federation-state-youth,Crystal Lake IL,https://www.illinoisyouthsoccer.org/,info@illinoisyouthsoccer.org,General Inbox,~80K registered players in Illinois; WC2026 Chicago host overlap; bilingual outreach materials available,747 N Church Rd Suite J11 Elmhurst IL 60126,+1 630 942 3814
Michigan State Youth Soccer Association,federation-state-youth,Pontiac MI,https://www.michiganyouthsoccer.org/,info@michiganyouthsoccer.org,General Inbox,~80K youth players in MI; Detroit metro overlap with Detroit City FC supporters culture,9401 General Dr Suite 100 Plymouth MI 48170,+1 734 459 6650
Ohio Youth Soccer Association North,federation-state-youth,Cleveland OH,https://www.osysn.org/,info@osysn.org,General Inbox,Northern OH youth pyramid covering Cleveland Akron Toledo,5128 Mayfield Rd Suite 200 Lyndhurst OH 44124,+1 440 543 7707
Ohio South Youth Soccer Association,federation-state-youth,Cincinnati OH,https://www.osysa.org/,info@osysa.com,General Inbox,Southern OH youth pyramid covering Cincinnati Columbus Dayton,5200 Aero Dr West Chester OH 45069,+1 513 754 0001
Georgia Soccer (Georgia State Soccer Association),federation-state-youth,Atlanta GA,https://www.georgiasoccer.org/,info@georgiasoccer.org,General Inbox,~100K youth players in GA; WC2026 Atlanta host overlap with Atlanta United supporters base,3684 Stewart Rd Doraville GA 30340,+1 770 452 0505
North Carolina Youth Soccer Association,federation-state-youth,Greensboro NC,https://www.ncsoccer.org/,info@ncsoccer.org,General Inbox,~100K youth players in NC; one of the deepest youth pyramids in the South,5300 Stockard Dairy Rd Greensboro NC 27410,+1 336 856 7529
South Carolina Youth Soccer,federation-state-youth,Greenville SC,https://www.scysa.org/,info@scysa.org,General Inbox,SC youth pyramid feeding Charleston Battery + Greenville Triumph academies,720 Lowndes Hill Rd Greenville SC 29607,+1 864 297 7372
Virginia Youth Soccer Association,federation-state-youth,Fredericksburg VA,https://www.vysa.com/,vysa@vysa.com,General Inbox,~150K youth players in VA; WC2026 DC market overlap; one of the wealthiest youth markets in the US,1001 International Pkwy Fredericksburg VA 22406,+1 540 372 3041
Maryland State Youth Soccer Association,federation-state-youth,Columbia MD,https://www.msysa.org/,info@msysa.org,General Inbox,Maryland youth pyramid; WC2026 DC market overlap; strong NCAA D1 alumni network (Maryland Terps),9075 Guilford Rd Suite 200 Columbia MD 21046,+1 410 290 9117
Massachusetts Youth Soccer Association,federation-state-youth,Lancaster MA,https://www.mayouthsoccer.org/,info@mayouthsoccer.org,General Inbox,~110K youth players in MA; WC2026 Boston host overlap via Gillette Stadium,512 Old Union Tpke Lancaster MA 01523,+1 978 466 8812
Connecticut Junior Soccer Association,federation-state-youth,Norwich CT,https://www.cjsa.org/,info@cjsa.org,General Inbox,Connecticut youth pyramid; affluent NoHam corridor; Hartford Athletic feeder,10 Westside Dr Norwich CT 06360,+1 860 859 0001
New Jersey Youth Soccer,federation-state-youth,Iselin NJ,https://www.njyouthsoccer.com/,info@njyouthsoccer.com,General Inbox,~100K youth players in NJ; WC2026 NY/NJ host overlap inc the Final,569 Abbington Dr Suite 100 East Windsor NJ 08520,+1 609 490 0725
Washington Youth Soccer,federation-state-youth,Tukwila WA,https://www.washingtonyouthsoccer.org/,info@washingtonyouthsoccer.org,General Inbox,~115K youth players in WA; WC2026 Seattle host overlap with Sounders supporters base,7100 Fort Dent Way Suite 215 Tukwila WA 98188,+1 253 476 2237
Oregon Youth Soccer Association,federation-state-youth,Wilsonville OR,https://www.oregonyouthsoccer.org/,info@oregonyouthsoccer.org,General Inbox,Oregon youth pyramid; Timbers Army cultural overlap,8785 SW Beaverton-Hillsdale Hwy Portland OR 97225,+1 503 626 4625
Arizona Youth Soccer Association,federation-state-youth,Tempe AZ,https://www.azyouthsoccer.org/,info@azyouthsoccer.org,General Inbox,~30K youth players in AZ; Phoenix Rising overlap; Mexico-jersey halo during WC2026,5025 E Washington St Suite 109 Phoenix AZ 85034,+1 602 433 9202
Colorado Youth Soccer,federation-state-youth,Centennial CO,https://www.coloradosoccer.org/,info@coloradosoccer.org,General Inbox,~70K youth players in CO; Colorado Rapids supporters overlap,8000 S Lincoln St Suite 1 Littleton CO 80122,+1 303 339 5390
Utah Youth Soccer Association,federation-state-youth,Salt Lake City UT,https://www.utahyouthsoccer.net/,info@utahyouthsoccer.net,General Inbox,Utah youth pyramid; Real Salt Lake / Royals overlap,3214 N University Ave Suite 600 Provo UT 84604,+1 801 254 9700
Nevada Youth Soccer Association,federation-state-youth,Las Vegas NV,https://www.nysasoccer.com/,info@nysasoccer.com,General Inbox,Nevada youth pyramid; Las Vegas Lights overlap,5740 S Arville St Suite 215 Las Vegas NV 89118,+1 702 873 7500
Minnesota Youth Soccer Association,federation-state-youth,Minneapolis MN,https://www.mnyouthsoccer.org/,info@mnyouthsoccer.org,General Inbox,Minnesota youth pyramid; MN United / Dark Clouds overlap,11577 Encore Cir Minnetonka MN 55343,+1 763 535 4445
Wisconsin Youth Soccer Association,federation-state-youth,Waukesha WI,https://www.wiyouthsoccer.com/,info@wiyouthsoccer.com,General Inbox,WI youth pyramid; Forward Madison FC supporter overlap,W175 N11117 Stonewood Dr Germantown WI 53022,+1 262 376 8585
Missouri Youth Soccer Association,federation-state-youth,Saint Louis MO,https://www.moyouthsoccer.org/,info@moyouthsoccer.org,General Inbox,MO youth pyramid; STL City + Sporting KC dual-market overlap; both KC and STL strong soccer cities,12851 Manchester Rd Suite 105 Des Peres MO 63131,+1 314 835 9750
Indiana Soccer (Indiana Youth Soccer Association),federation-state-youth,Indianapolis IN,https://www.soccerindiana.org/,info@soccerindiana.org,General Inbox,IN youth pyramid; Indy Eleven supporter overlap; Indiana D1 dominance via IU Hoosiers,9100 Purdue Rd Suite 102 Indianapolis IN 46268,+1 317 487 2056
Tennessee State Soccer Association,federation-state-youth,Nashville TN,https://www.tnsoccer.org/,info@tnsoccer.org,General Inbox,TN youth pyramid; Nashville SC + Chattanooga FC + Memphis 901 overlap,2370 Hillsboro Rd Suite 201 Nashville TN 37212,+1 615 386 9606
Alabama Youth Soccer Association,federation-state-youth,Pelham AL,https://www.alyouthsoccer.org/,info@alyouthsoccer.org,General Inbox,Alabama youth pyramid; Birmingham Legion overlap; growing SEC women's soccer market,1995 1st St N Alabaster AL 35007,+1 205 663 8550
Mississippi Soccer Association,federation-state-youth,Madison MS,https://www.mississippisoccer.org/,info@mississippisoccer.org,General Inbox,MS youth pyramid; underserved soccer state but growing,P.O. Box 320 Madison MS 39130,
Louisiana Soccer Association,federation-state-youth,New Orleans LA,https://www.louisianasoccer.com/,info@louisianasoccer.com,General Inbox,Louisiana youth pyramid; New Orleans Jesters NPSL overlap,1003 W Esplanade Ave Suite K Kenner LA 70065,+1 504 467 0211
Oklahoma Soccer Association,federation-state-youth,Tulsa OK,https://www.oksoccer.com/,info@oksoccer.com,General Inbox,Oklahoma youth pyramid; FC Tulsa + Oklahoma City Energy overlap,10930 E 45th St Tulsa OK 74146,+1 918 627 2663
Kansas State Youth Soccer Association,federation-state-youth,Topeka KS,https://www.ksysa.org/,info@ksysa.org,General Inbox,Kansas youth pyramid; Sporting KC supporter overlap; WC2026 KC host overlap,P.O. Box 5566 Topeka KS 66605,+1 785 234 1271
Iowa Soccer Association,federation-state-youth,Des Moines IA,https://www.iowasoccer.org/,info@iowasoccer.org,General Inbox,Iowa youth pyramid; underserved state with growing private-school SEC pipeline,4685 NW Beaver Dr Johnston IA 50131,+1 515 727 1003
Nebraska State Soccer Association,federation-state-youth,Omaha NE,https://www.nebraskasoccer.org/,info@nebraskasoccer.org,General Inbox,Nebraska youth pyramid; Union Omaha supporter overlap,9202 W Dodge Rd Suite 304 Omaha NE 68114,+1 402 391 4400
Hawaii Youth Soccer Association,federation-state-youth,Honolulu HI,https://www.hawaiisoccer.com/,info@hawaiisoccer.com,General Inbox,Hawaii youth pyramid; Pacific-island and Japanese diaspora crossover,P.O. Box 88251 Honolulu HI 96830,+1 808 422 1141
Alaska State Soccer Association,federation-state-youth,Anchorage AK,https://www.alaskasoccer.org/,info@alaskasoccer.org,General Inbox,Alaska youth pyramid; small but engaged community,P.O. Box 110280 Anchorage AK 99511,+1 907 277 2772
New Mexico Youth Soccer Association,federation-state-youth,Albuquerque NM,https://www.nmysa.org/,info@nmysa.org,General Inbox,NM youth pyramid; New Mexico United supporter overlap; Mexico-jersey halo during WC2026,P.O. Box 14635 Albuquerque NM 87191,+1 505 830 2245
West Virginia Soccer Association,federation-state-youth,Charleston WV,https://www.wvsoccer.org/,info@wvsoccer.org,General Inbox,West Virginia youth pyramid; underserved state,P.O. Box 5277 Charleston WV 25361,+1 304 776 1283
Kentucky Youth Soccer Association,federation-state-youth,Louisville KY,https://www.kysoccer.net/,info@kysoccer.net,General Inbox,Kentucky youth pyramid; Louisville City + Racing Louisville overlap,5511 Bardstown Rd Louisville KY 40291,+1 502 459 7141
Arkansas State Soccer Association,federation-state-youth,Little Rock AR,https://www.arkansassoccer.org/,info@arkansassoccer.org,General Inbox,Arkansas youth pyramid; underserved state with U of A SEC soccer presence,P.O. Box 23606 Little Rock AR 72221,+1 501 663 9333
Maine Soccer Association,federation-state-youth,Westbrook ME,https://www.mainesoccer.org/,info@mainesoccer.org,General Inbox,Maine youth pyramid; Portland Hearts of Pine USL League One supporter overlap,P.O. Box 1715 Westbrook ME 04098,
New Hampshire Soccer Association,federation-state-youth,Concord NH,https://www.nhsoccer.org/,info@nhsoccer.org,General Inbox,NH youth pyramid; small but dense around Manchester / Nashua,4 Park St Suite 305 Concord NH 03301,+1 603 226 4137
Vermont Soccer Association,federation-state-youth,Williston VT,https://www.vermontsoccer.org/,info@vermontsoccer.org,General Inbox,Vermont youth pyramid; small but engaged; UVM soccer alumni network,P.O. Box 1416 Williston VT 05495,
Rhode Island Soccer Association,federation-state-youth,Cranston RI,https://www.risoccer.org/,info@risoccer.org,General Inbox,Rhode Island youth pyramid; Rhode Island FC supporter overlap,P.O. Box 23142 Providence RI 02903,
Delaware Youth Soccer Association,federation-state-youth,Wilmington DE,https://www.dysa.com/,info@dysa.com,General Inbox,Delaware youth pyramid; small state but I-95 corridor,P.O. Box 11237 Wilmington DE 19850,+1 302 838 3030
North Dakota State Soccer Association,federation-state-youth,Fargo ND,https://www.ndsoccer.com/,info@ndsoccer.com,General Inbox,North Dakota youth pyramid; small but engaged,P.O. Box 9622 Fargo ND 58106,
South Dakota State Soccer Association,federation-state-youth,Sioux Falls SD,https://www.sdsoccer.org/,info@sdsoccer.org,General Inbox,South Dakota youth pyramid,P.O. Box 88456 Sioux Falls SD 57109,
Montana Youth Soccer Association,federation-state-youth,Bozeman MT,https://www.montanayouthsoccer.com/,info@montanayouthsoccer.com,General Inbox,Montana youth pyramid; small but growing,P.O. Box 2745 Bozeman MT 59771,
Wyoming Youth Soccer Association,federation-state-youth,Casper WY,https://www.wysa.com/,info@wysa.com,General Inbox,Wyoming youth pyramid; smallest state youth assoc,P.O. Box 1928 Casper WY 82602,
Idaho Youth Soccer Association,federation-state-youth,Boise ID,https://www.idahoyouthsoccer.org/,info@idahoyouthsoccer.org,General Inbox,Idaho youth pyramid; Boise State / U of I soccer alumni overlap,6928 W State St Suite 102 Boise ID 83714,+1 208 333 0010
US Soccer Adult Soccer (USASA),federation-national,Chicago IL; national,https://www.usasa.com/,office@usasa.com,General Inbox,Adult amateur soccer governing body affiliated with USSF; 54 state assocs; ~250K adult amateur players,1801 S Prairie Ave Chicago IL 60616 (shared US Soccer HQ),
ACC Soccer (Atlantic Coast Conference),federation-college-conference,Greensboro NC,https://theacc.com/,info@theacc.com,Conference Comms,Hosts the strongest combined men's + women's D1 soccer conference in the US (UNC Duke Wake Forest Virginia Notre Dame Florida State Louisville Clemson NC State Pitt); one yes cascades to 16+ programs,4512 Weybridge Ln Greensboro NC 27407; soccer comms via specific SIDs,+1 336 851 6062
Big Ten Conference Soccer,federation-college-conference,Rosemont IL,https://bigten.org/,info@bigten.org,Conference Comms,Big Ten soccer cascading to Indiana Maryland Michigan Penn State Northwestern Ohio State UCLA Washington Rutgers etc; perfect WC2026 educator channel,5440 Park Pl Rosemont IL 60018,+1 847 696 1010
SEC Soccer (Southeastern Conference),federation-college-conference,Birmingham AL,https://www.secsports.com/,info@sec.org,Conference Comms,SEC women's soccer top tier (Arkansas South Carolina Florida Tennessee Texas A&M); WC2026 South-region overlap; major media reach,2201 Richard Arrington Jr Blvd N Birmingham AL 35203,+1 205 458 3000
Indiana University Soccer (Hoosiers),ncaa-mens,Bloomington IN,https://iuhoosiers.com/,iusid@indiana.edu,Athletics Communications,Most successful D1 men's soccer program in NCAA history (8 national titles); WC2026 educator angle; large alumni network,1001 E 17th St Bloomington IN 47408; soccer SID via main athletics comms,+1 812 855 2421
Wake Forest University Soccer (Demon Deacons),ncaa-mens,Winston-Salem NC,https://godeacs.com/,info@godeacs.com,Athletics Communications,Top-3 ACC men's soccer program; national title 2007; deep MLS draft pipeline,Bridger Field House 499 Deacon Blvd Winston-Salem NC 27105,+1 336 758 5616
University of North Carolina Soccer (Tar Heels),ncaa-mens,Chapel Hill NC,https://goheels.com/,info@goheels.com,Athletics Communications,Multiple men's national titles + 22+ women's national titles (Anson Dorrance era); largest women's soccer brand in NCAA,P.O. Box 2126 Chapel Hill NC 27515; women's program is the dominant signal here,+1 919 962 6000
UCLA Soccer (Bruins),ncaa-mens,Los Angeles CA,https://uclabruins.com/,athletics@athletics.ucla.edu,Athletics Communications,Top Pac-12 / Big Ten soccer program; Final Four regular; LA WC2026 host market,J.D. Morgan Center 325 Westwood Plaza Los Angeles CA 90095,+1 310 825 8699
Stanford University Soccer (Cardinal),ncaa-mens,Stanford CA,https://gostanford.com/,athletics@stanford.edu,Athletics Communications,Multiple men's + women's national titles; Bay Area WC2026 host market overlap,641 East Campus Dr Stanford CA 94305,+1 650 723 4591
University of Notre Dame Soccer (Fighting Irish),ncaa-mens,South Bend IN,https://und.com/,sid@und.edu,Athletics Communications,2013 men's national champions; deep Catholic college fan base; growing women's program,113 Joyce Center Notre Dame IN 46556,+1 574 631 7516
Georgetown University Soccer (Hoyas),ncaa-mens,Washington DC,https://guhoyas.com/,info@guhoyas.com,Athletics Communications,2019 men's national champions; DC alumni network; WC2026 DC market overlap,McDonough Arena 37th & O Streets NW Washington DC 20057,+1 202 687 2435
University of Maryland Soccer (Terrapins),ncaa-mens,College Park MD,https://umterps.com/,info@umterps.com,Athletics Communications,2018 men's national champions; deep DMV alumni network; WC2026 DC market overlap,P.O. Box 295 College Park MD 20741,+1 301 314 7064
University of Virginia Soccer (Cavaliers),ncaa-mens,Charlottesville VA,https://virginiasports.com/,sid@virginia.edu,Athletics Communications,Multiple men's national titles inc 2014; long-standing top ACC program; DMV market overlap,P.O. Box 400839 Charlottesville VA 22904,+1 434 982 5500
University of Akron Soccer (Zips),ncaa-mens,Akron OH,https://gozips.com/,athletics@uakron.edu,Athletics Communications,2010 men's national champions; consistent MLS draft pipeline; Ohio market,302 Buchtel Common Akron OH 44325,+1 330 972 7080
Clemson University Soccer (Tigers),ncaa-mens,Clemson SC,https://clemsontigers.com/,info@clemsontigers.com,Athletics Communications,2021 men's national champions; deep ACC program; SC market overlap,Vickery Hall Clemson SC 29634,+1 864 656 2114
Duke University Soccer (Blue Devils),ncaa-mens,Durham NC,https://goduke.com/,sidoffice@duke.edu,Athletics Communications,Top ACC men's + women's program; deep NC market overlap with UNC + NCFC,Cameron Indoor Stadium 115 Whitford Dr Durham NC 27708,+1 919 684 2120
University of Pittsburgh Soccer (Panthers),ncaa-mens,Pittsburgh PA,https://pittsburghpanthers.com/,info@pittsburghpanthers.com,Athletics Communications,2020 men's College Cup runners-up; consistent ACC top program; growing PA youth pipeline,3719 Terrace St Pittsburgh PA 15261,+1 412 648 8240
Stanford University Women's Soccer (Cardinal),ncaa-womens,Stanford CA,https://gostanford.com/,athletics@stanford.edu,Athletics Communications,3+ NCAA women's national championships; Bay Area WC2026 host market; talent pipeline to NWSL+USWNT,641 East Campus Dr Stanford CA 94305; same SID as men's,
University of North Carolina Women's Soccer (Tar Heels),ncaa-womens,Chapel Hill NC,https://goheels.com/,info@goheels.com,Athletics Communications,22+ NCAA women's national titles (Anson Dorrance); dominant women's soccer program in NCAA history,P.O. Box 2126 Chapel Hill NC 27515,
UCLA Women's Soccer (Bruins),ncaa-womens,Los Angeles CA,https://uclabruins.com/,athletics@athletics.ucla.edu,Athletics Communications,Multiple women's national titles; LA WC2026 host market; deep USWNT pipeline,J.D. Morgan Center 325 Westwood Plaza Los Angeles CA 90095,
University of Florida Women's Soccer (Gators),ncaa-womens,Gainesville FL,https://floridagators.com/,info@floridagators.com,Athletics Communications,SEC champion regular; Florida WC2026 market overlap; USWNT pipeline,P.O. Box 14485 Gainesville FL 32604,+1 352 375 4683
University of Tennessee Women's Soccer (Lady Vols),ncaa-womens,Knoxville TN,https://utsports.com/,sid@utad.utk.edu,Athletics Communications,SEC women's title contender; Nashville SC + Knoxville One overlap,1551 Lake Loudoun Blvd Knoxville TN 37996,+1 865 974 1218
Penn State University Women's Soccer (Nittany Lions),ncaa-womens,University Park PA,https://gopsusports.com/,info@gopsusports.com,Athletics Communications,2015 NCAA women's national champions; Big Ten dominance; PA youth overlap,Bryce Jordan Center University Park PA 16802,+1 814 865 1086
University of Southern California Women's Soccer (Trojans),ncaa-womens,Los Angeles CA,https://usctrojans.com/,info@usctrojans.com,Athletics Communications,2007 + 2016 NCAA women's national champions; LA WC2026 host market; deep USWNT pipeline,Heritage Hall 3501 Watt Way Los Angeles CA 90089,+1 213 740 8480
University of Virginia Women's Soccer (Cavaliers),ncaa-womens,Charlottesville VA,https://virginiasports.com/,sid@virginia.edu,Athletics Communications,ACC women's title contender; deep NWSL pipeline,P.O. Box 400839 Charlottesville VA 22904,
Duke University Women's Soccer (Blue Devils),ncaa-womens,Durham NC,https://goduke.com/,sidoffice@duke.edu,Athletics Communications,ACC women's top program; deep NC soccer market overlap,Cameron Indoor Stadium Durham NC 27708,
Santa Clara University Women's Soccer (Broncos),ncaa-womens,Santa Clara CA,https://santaclarabroncos.com/,info@santaclarabroncos.com,Athletics Communications,2020 NCAA women's national champions; Brandi Chastain alumni; Bay Area WC2026 host market,500 El Camino Real Santa Clara CA 95053,+1 408 554 4063
University of Connecticut Soccer (Huskies),ncaa-mens,Storrs CT,https://uconnhuskies.com/,sid@uconn.edu,Athletics Communications,2000 men's national champions; consistent Big East program; CT youth + Hartford Athletic overlap,2095 Hillside Rd Storrs CT 06269,+1 860 486 5060
University of Washington Soccer (Huskies),ncaa-mens,Seattle WA,https://gohuskies.com/,info@gohuskies.com,Athletics Communications,Top Pac-12 / Big Ten program; Seattle WC2026 host market; Sounders alumni pipeline,Graves Building Seattle WA 98195,+1 206 543 2230
Marquette University Soccer (Golden Eagles),ncaa-mens,Milwaukee WI,https://gomarquette.com/,info@gomarquette.com,Athletics Communications,Big East men's top program; Milwaukee market without MLS,1212 W Wisconsin Ave Milwaukee WI 53201,+1 414 288 6303
SUM (Soccer United Marketing),federation-national,New York NY,https://www.mlssoccer.com/sum,info@mlssoccer.com,Commercial Office,Commercial arm of MLS that also markets USMNT + Liga MX in the US; central node for any US-football-marketing partnership,Same address as MLS HQ; consider as MLS press routing,
American Outlaws (USMNT supporters),supporters-trust,Lincoln NE,https://www.theamericanoutlaws.com/,info@theamericanoutlaws.com,General Inbox,~30K members in 200+ chapters supporting USMNT; the single largest US national-team supporters club; perfect WC2026 channel,Founded 2007 in Lincoln NE; co-founder Korey Donahoo; chapter network covers all 50 states,
The Yellow Wall (chapter network),supporters-trust,Multi-city,https://www.borussiadortmund-fanclubs.com/,info@bvb.de,Supporters Network,Largest BVB Dortmund fan-club network outside Germany lives in the US; perfect for German + Mundial 2026 angle,Routes via BVB official fan-club desk,
DC Statesmen + ENGland Members Club,supporters-trust,Multi-city,https://www.englandsupportersclub.com/,enquiries@thefa.com,General Inbox,US chapters of the official England supporters club; useful WC2026 EN-fan-engagement angle in DC + NYC + LA,Reach via The FA central registry,
Local Initiative AUSA (Association of US Soccer Coaches state chapters),federation-state-youth,national,https://unitedsoccercoaches.org/,info@unitedsoccercoaches.org,General Inbox,United Soccer Coaches state-chapter network (Texas Florida California etc) - same parent body as the national org above; chapter routing makes state-specific outreach more direct,Routes via main Kansas City office,
NSCAA Foundation (now United Soccer Coaches Foundation),federation-national,Kansas City MO,https://unitedsoccercoaches.org/,foundation@unitedsoccercoaches.org,Foundation Office,Charitable arm of the coaches association; coaching-education channel into the WC2026 community-engagement narrative,30 W Pershing Rd Suite 350 Kansas City MO 64108,
USL Player Association,federation-national,national,https://uslplayers.org/,info@uslplayers.org,Executive Office,Player union covering all USL Championship + League One players; co-signal moves locker rooms,Founded 2022; Director Andrew Wiebe (unverified),
US Adult Soccer Cosmopolitan League (NY),federation-state-youth,New York NY,https://www.cosmopolitansoccerleague.org/,info@cosmopolitansoccerleague.org,General Inbox,One of the oldest adult amateur leagues in the US (1923); strong NYC ethnic-community clubs (Polish German Greek Italian Hispanic); WC2026 NY metro overlap,Affiliated with USASA via ENYSSA,
Maryland Major Soccer League,federation-state-youth,Baltimore MD,https://www.marylandmajor.com/,info@marylandmajor.com,General Inbox,Largest adult amateur league in MD/DC; 50+ clubs; WC2026 DC market overlap,Spring + Fall seasons; affiliated USASA,
Cosmos League (Long Island NY),federation-state-youth,Long Island NY,https://www.licsleague.com/,info@licsleague.com,General Inbox,Long Island adult amateur league; ethnic-community clubs; WC2026 NY/NJ host overlap,LICSL is the Long Island Cosmopolitan Soccer League,
